"File","OriginalTitle","NewTitle","DateFoundInTitle","DateBefore","DateAfter","PageChanged","DateChanged","TitleChanged","IndexChanged","Status"
"1000-points-of-light-nyc-1991.html","1000 Points of Light, NYC, 1991","1000 Points of Light, NYC","1991","Not documented","1991","Yes","Yes","Yes","Yes","Updated"
"abortion-hanger-1.html","Abortion Hanger","","","Not documented","Not documented","No","No","No","No","Skipped - No year in title"
"absolut-wallpaper-rome-guernica.html","Absolut Wallpaper Rome - Guernica","","","Not documented","Not documented","No","No","No","No","Skipped - No year in title"
"aids-condom.html","AIDS Condom","","","Not documented","Not documented","No","No","No","No","Skipped - No year in title"
"aids-jersey-city-1991.html","AIDS, Jersey City, 1991","AIDS, Jersey City","1991","Not documented","1991","Yes","Yes","Yes","Yes","Updated"
"all-american.html","All-American","","","Not documented","Not documented","No","No","No","No","Skipped - No year in title"
"art-gathering-la-tattoo-convention-long-beach-june-2016.html","Art Gathering LA, Tattoo Convention Long Beach, June 2016","Art Gathering LA, Tattoo Convention Long Beach","June 2016","Not documented","June 2016","Yes","Yes","Yes","Yes","Updated"
"barney-vs-godzilla.html","Barney vs Godzilla","","","Not documented","Not documented","No","No","No","No","Skipped - No year in title"
"batboy-bronx-ny-1987.html","Batboy, Bronx, NY 1987","Batboy, Bronx, NY","1987","Not documented","1987","Yes","Yes","Yes","Yes","Updated"
"beacon-windows.html","Beacon Windows","","","Not documented","Not documented","No","No","No","No","Skipped - No year in title"
"better-living-through-chemistry.html","Better Living Through Chemistry","","","Not documented","Not documented","No","No","No","No","Skipped - No year in title"
"billboard-liberation-just-do-it.html","Billboard Liberation - Just Do It","","","Not documented","Not documented","No","No","No","No","Skipped - No year in title"
"bogus-vogue.html","Bogus Vogue","","","Not documented","Not documented","No","No","No","No","Skipped - No year in title"
"breathe.html","Breathe","","","Not documented","Not documented","No","No","No","No","Skipped - No year in title"
"bunnies.html","Bunnies","","","Not documented","Not documented","No","No","No","No","Skipped - No year in title"
"camel-junior-nyc-1991.html","Camel Junior, NYC, 1991","Camel Junior, NYC","1991","Not documented","1991","Yes","Yes","Yes","Yes","Updated"
"camel-juniors-nyc-1991.html","Camel Juniors, NYC, 1991","Camel Juniors, NYC","1991","Not documented","1991","Yes","Yes","Yes","Yes","Updated"
"camel-kids-jersey-city-1995.html","Camel Kids, Jersey City, 1995","Camel Kids, Jersey City","1995","Not documented","1995","Yes","Yes","Yes","Yes","Updated"
"censorship-is-good-because-nyc-1990.html","Censorship Is Good Because..., NYC, 1990","Censorship Is Good Because..., NYC","1990","Not documented","1990","Yes","Yes","Yes","Yes","Updated"
"cereal-killer.html","Cereal Killer","","","Not documented","Not documented","No","No","No","No","Skipped - No year in title"
"christmas-card-1989.html","Christmas Card 1989","Christmas Card","1989","Not documented","1989","Yes","Yes","Yes","Yes","Updated"
"circus.html","Circus","","","Not documented","Not documented","No","No","No","No","Skipped - No year in title"
"close-cover-before-cremating.html","Close Cover Before Cremating","","","Not documented","Not documented","No","No","No","No","Skipped - No year in title"
"combrats.html","Combrats","","","Not documented","Not documented","No","No","No","No","Skipped - No year in title"
"cover-the-earth.html","Cover the Earth","","","Not documented","Not documented","No","No","No","No","Skipped - No year in title"
"de-la-barracuda-wall-la-2011.html","De La Barracuda Wall, LA, 2011","De La Barracuda Wall, LA","2011","Not documented","2011","Yes","Yes","Yes","Yes","Updated"
"dinosaur.html","Dinosaur","","","Not documented","Not documented","No","No","No","No","Skipped - No year in title"
"dont-do-it-in-a-vacuum.html","Don't Do It in a Vacuum","","","Not documented","Not documented","No","No","No","No","Skipped - No year in title"
"enhanced-milk.html","Enhanced Milk","","","Not documented","Not documented","No","No","No","No","Skipped - No year in title"
"evolucion-non-e-para-todos.html","Evolution - Non E Para Todos","","","Not documented","Not documented","No","No","No","No","Skipped - No year in title"
"evolution-dont-get-left-behind.html","Evolution - Don't Get Left Behind","","","Not documented","Not documented","No","No","No","No","Skipped - No year in title"
"evolution-its-not-for-everyone.html","Evolution - It's Not for Everyone","","","Not documented","Not documented","No","No","No","No","Skipped - No year in title"
"evolve.html","Evolve","","","Not documented","Not documented","No","No","No","No","Skipped - No year in title"
"eyes-in-austin-tx-1984.html","Eyes in Austin, TX, 1984","Eyes in Austin, TX","1984","Not documented","1984","Yes","Yes","Yes","Yes","Updated"
"family-album.html","Family Album","","","Not documented","Not documented","No","No","No","No","Skipped - No year in title"
"family-values-austin-tx.html","Family Values, Austin TX","","","Not documented","Not documented","No","No","No","No","Skipped - No year in title"
"fat-and-50.html","Fat & 50","","","Not documented","Not documented","No","No","No","No","Skipped - No year in title"
"fish-eyes.html","Fish Eyes","","","Not documented","Not documented","No","No","No","No","Skipped - No year in title"
"forever-kool.html","Forever Kool, Jersey City, 1995","Forever Kool, Jersey City","1995","Not documented","1995","Yes","Yes","Yes","Yes","Updated"
"get-met-or-pay.html","Get Met or Pay","","","Not documented","Not documented","No","No","No","No","Skipped - No year in title"
"good-to-the-last-drop.html","Good to the Last Drop","","","Not documented","Not documented","No","No","No","No","Skipped - No year in title"
"got-coke.html","Got Coke","","","","","No","No","No","No","Skipped - No year in title"
"got-coke-and-sugar-the-other-white-powder.html","Got Coke","","","Not documented","Not documented","No","No","No","No","Skipped - No year in title"
"grade-school-guernica.html","Grade School Guernica","","","Not documented","Not documented","No","No","No","No","Skipped - No year in title"
"greetings-from-the-occupation-1-london.html","Greetings from the Occupation 1, London","","","Not documented","Not documented","No","No","No","No","Skipped - No year in title"
"greetings-from-the-occupation-version-2.html","Greetings from the Occupation Version 2","","","Not documented","Not documented","No","No","No","No","Skipped - No year in title"
"greys-autonomy-austin-tx-1985.html","Grey's Autonomy, Austin, TX 1985","Grey's Autonomy, Austin, TX","1985","Not documented","1985","Yes","Yes","Yes","Yes","Updated"
"grinny-gaylord.html","Grinny Gaylord","","","Not documented","Not documented","No","No","No","No","Skipped - No year in title"
"halliburton.html","Halliburton","","","Not documented","Not documented","No","No","No","No","Skipped - No year in title"
"heart-los-angeles-ca-1996.html","Heart Los Angeles, CA 1996","Heart Los Angeles, CA","1996","Not documented","1996","Yes","Yes","Yes","Yes","Updated"
"home-of-the-homeless-nyc-1992.html","Home of the Homeless, NYC, 1992","Home of the Homeless, NYC","1992","Not documented","1992","Yes","Yes","Yes","Yes","Updated"
"hook-any-new-kids-today.html","Hook Any New Kids Today","","","Not documented","Not documented","No","No","No","No","Skipped - No year in title"
"houston-bowery-wall.html","Houston Bowery Wall","","","Not documented","Not documented","No","No","No","No","Skipped - No year in title"
"hulk.html","Hulk","","","Not documented","Not documented","No","No","No","No","Skipped - No year in title"
"if-you-believe.html","If You Believe","","","Not documented","Not documented","No","No","No","No","Skipped - No year in title"
"inauguration-obama.html","Inauguration Obama","","","Not documented","Not documented","No","No","No","No","Skipped - No year in title"
"in-your-minds-eye.html","In Your Mind's Eye","","","Not documented","Not documented","No","No","No","No","Skipped - No year in title"
"i-of-second-chances-revelations.html","I of Second Chances - Revelations","","","Not documented","Not documented","No","No","No","No","Skipped - No year in title"
"its-armageddon-in-america.html","It's Armageddon in America","","","Not documented","Not documented","No","No","No","No","Skipped - No year in title"
"its-a-whole-new-world-road-banner.html","It's a Whole New World - Road Banner","","","Not documented","Not documented","No","No","No","No","Skipped - No year in title"
"i-wanna-be-erected.html","I Wanna Be Erected","","","Not documented","Not documented","No","No","No","No","Skipped - No year in title"
"jesus-drove-an-suv.html","Jesus Drove an SUV","","","Not documented","Not documented","No","No","No","No","Skipped - No year in title"
"jesus-returns.html","Jesus Returns","","","Not documented","Not documented","No","No","No","No","Skipped - No year in title"
"jihad-is-over-amsterdam.html","Jihad Is Over, Amsterdam","","","Not documented","Not documented","No","No","No","No","Skipped - No year in title"
"jihad-is-over-version-1.html","Jihad Is Over Version 1","","","Not documented","Not documented","No","No","No","No","Skipped - No year in title"
"jihad-is-over-version-2.html","Jihad Is Over Version 2","","","Not documented","Not documented","No","No","No","No","Skipped - No year in title"
"just-do-it.html","Just Do It","","","Not documented","Not documented","No","No","No","No","Skipped - No year in title"
"keep-hope-a-lie.html","Keep Hope a Lie","","","Not documented","Not documented","No","No","No","No","Skipped - No year in title"
"kid-kools.html","Kid Kools","","","Not documented","Not documented","No","No","No","No","Skipped - No year in title"
"king-of-beers-version-1.html","The King of Beers Version 1","","","Not documented","Not documented","No","No","No","No","Skipped - No year in title"
"king-of-beers-version-2.html","The King of Beers Version 2","","","Not documented","Not documented","No","No","No","No","Skipped - No year in title"
"kiss-kids-on-coke.html","Kiss Kids on Coke","","","Not documented","Not documented","No","No","No","No","Skipped - No year in title"
"last-supper-at-mcdonalds-dallas-tx-1994-installing.html","Last Supper at McDonalds, Dallas, TX 1994","Last Supper at McDonalds, Dallas, TX","1994","Not documented","1994","Yes","Yes","Yes","Yes","Updated"
"les-pauvres.html","Les Pauvres","","","Not documented","Not documented","No","No","No","No","Skipped - No year in title"
"lets-get-drunk-and-kill-god-version-2.html","Let's Get Drunk and Kill God, Version 2","","","Not documented","Not documented","No","No","No","No","Skipped - No year in title"
"libertys-first-casualty.html","Liberty's First Casualty","","","Not documented","Not documented","No","No","No","No","Skipped - No year in title"
"life-after-debt-jersey-city-1992.html","Life after Debt, Jersey City, 1992","Life after Debt, Jersey City","1992","Not documented","1992","Yes","Yes","Yes","Yes","Updated"
"look-before-you-speak.html","Look Before You Speak","","","Not documented","Not documented","No","No","No","No","Skipped - No year in title"
"love-dallas-tx-1981.html","Love, Dallas, TX 1981","Love, Dallas, TX","1981","Not documented","1981","Yes","Yes","Yes","Yes","Updated"
"lust-dallas-tx-1981.html","Lust, Dallas, TX 1981","Lust, Dallas, TX","1981","Not documented","1981","Yes","Yes","Yes","Yes","Updated"
"marlboro-boy.html","Marlboro Boy","","","Not documented","Not documented","No","No","No","No","Skipped - No year in title"
"masturbation-is-murder.html","Masturbation Is Murder","","","Not documented","Not documented","No","No","No","No","Skipped - No year in title"
"mc-soylent-gold-is-cattle.html","McSoylent Gold Is Cattle","","","Not documented","Not documented","No","No","No","No","Skipped - No year in title"
"mc-super-sized.html","MC Super Sized","","","Not documented","Not documented","No","No","No","No","Skipped - No year in title"
"modern-mickeys.html","Modern Mickeys","","","Not documented","Not documented","No","No","No","No","Skipped - No year in title"
"monica.html","Monica and Marilyn","","","Not documented","Not documented","No","No","No","No","Skipped - No year in title"
"more-jingoism-less-journalism.html","More Jingoism Less Journalism","","","Not documented","Not documented","No","No","No","No","Skipped - No year in title"
"mother-of-all-milkshakes.html","The Mother of All Milkshakes","","","Not documented","Not documented","No","No","No","No","Skipped - No year in title"
"new-aids-transmitted-through-eye-contact.html","New AIDS Transmitted Through Eye Contact","","","Not documented","Not documented","No","No","No","No","Skipped - No year in title"
"new-world-order-nyc-1990.html","The New World Order, NYC, 1990","The New World Order, NYC","1990","Not documented","1990","Yes","Yes","Yes","Yes","Updated"
"new-years-eve.html","New Years Eve","","","Not documented","Not documented","No","No","No","No","Skipped - No year in title"
"no-brain-no-pain.html","No Brain No Pain","","","Not documented","Not documented","No","No","No","No","Skipped - No year in title"
"nova-orden-mundial.html","Nova Orden Mundial","","","Not documented","Not documented","No","No","No","No","Skipped - No year in title"
"nova-xeracion.html","Nova Xeracion","","","Not documented","Not documented","No","No","No","No","Skipped - No year in title"
"obama.html","Obama","","","Not documented","Not documented","No","No","No","No","Skipped - No year in title"
"observe-listen-reveal.html","Observe, Listen, Reveal","","","Not documented","Not documented","No","No","No","No","Skipped - No year in title"
"oj-simpson.html","OJ Simpson","","","Not documented","Not documented","No","No","No","No","Skipped - No year in title"
"one-god-one-party.html","One God, One Party","","","Not documented","Not documented","No","No","No","No","Skipped - No year in title"
"over-50-billion-super-sized.html","Over 50 Billion Super-Sized","","","Not documented","Not documented","No","No","No","No","Skipped - No year in title"
"phat-food.html","Phat Food","","","Not documented","Not documented","No","No","No","No","Skipped - No year in title"
"playdate-iran.html","Playdate Iran","","","Not documented","Not documented","No","No","No","No","Skipped - No year in title"
"politician.html","Politician","","","Not documented","Not documented","No","No","No","No","Skipped - No year in title"
"power-before-people.html","Power Before People","","","Not documented","Not documented","No","No","No","No","Skipped - No year in title"
"public-works-grin.html","Public Works Grin","","","Not documented","Not documented","No","No","No","No","Skipped - No year in title"
"put-a-tiger-on-the-brink.html","Put a Tiger on the Brink","","","Not documented","Not documented","No","No","No","No","Skipped - No year in title"
"radiant-child-1984.html","Radiant Child, 1984","Radiant Child","1984","Not documented","1984","Yes","Yes","Yes","Yes","Updated"
"randall-hart.html","Randall Hart","","","Not documented","Not documented","No","No","No","No","Skipped - No year in title"
"raquels-topless-steak-house.html","Raquel's Topless Steak House","","","Not documented","Not documented","No","No","No","No","Skipped - No year in title"
"rayban.html","Rayban","","","Not documented","Not documented","No","No","No","No","Skipped - No year in title"
"read-between-the-lies.html","Read Between the Lies","","","Not documented","Not documented","No","No","No","No","Skipped - No year in title"
"read-my-lips.html","Read My Lips","","","Not documented","Not documented","No","No","No","No","Skipped - No year in title"
"recombinant-growth-hormone.html","Recombinant Growth Hormone","","","Not documented","Not documented","No","No","No","No","Skipped - No year in title"
"resurrect-your-inner-rabbit.html","Resurrect Your Inner Rabbit","","","Not documented","Not documented","No","No","No","No","Skipped - No year in title"
"revelations-book-ii.html","Revelations Book II","","","Not documented","Not documented","No","No","No","No","Skipped - No year in title"
"ron-english-and-the-artfux-nyc-1990.html","Ron English and the Artfux, NYC 1990","Ron English and the Artfux, NYC","1990","Not documented","1990","Yes","Yes","Yes","Yes","Updated"
"ross-perot.html","Ross Perot","","","Not documented","Not documented","No","No","No","No","Skipped - No year in title"
"rush-always-right.html","Rush - Always Right","","","Not documented","Not documented","No","No","No","No","Skipped - No year in title"
"saddams-suvs.html","Saddam's SUVs","","","Not documented","Not documented","No","No","No","No","Skipped - No year in title"
"salem-spirit-austin-tx-1983.html","Salem Spirit, Austin, TX 1983","Salem Spirit, Austin, TX","1983","Not documented","1983","Yes","Yes","Yes","Yes","Updated"
"se-cres-no-ten-porque-ser-verdade.html","Se Cres No Ten Porque Ser Verdade","","","Not documented","Not documented","No","No","No","No","Skipped - No year in title"
"shes-smoking-for-two-jersey-city-1996.html","She's Smoking for Two, Jersey City, 1996","She's Smoking for Two, Jersey City","1996","Not documented","1996","Yes","Yes","Yes","Yes","Updated"
"shop-while-they-drop.html","Shop While They Drop","","","Not documented","Not documented","No","No","No","No","Skipped - No year in title"
"sideshow-denton-tx-1981.html","Sideshow, Denton, TX 1981","Sideshow, Denton, TX","1981","Not documented","1981","Yes","Yes","Yes","Yes","Updated"
"smoke-a-camel-ron-and-the-artfux-nyc-1990.html","Smoke a Camel, Ron & The Artfux, NYC, 1990","Smoke a Camel, Ron & The Artfux, NYC","1990","Not documented","1990","Yes","Yes","Yes","Yes","Updated"
"smooth-character-jersey-city-1992.html","Smooth Character, Jersey City, 1992","Smooth Character, Jersey City","1992","Not documented","1992","Yes","Yes","Yes","Yes","Updated"
"some-freds-are-gonna-roll-nyc-1990.html","Some Fred's Are Gonna Roll, NYC, 1990","Some Fred's Are Gonna Roll, NYC","1990","Not documented","1990","Yes","Yes","Yes","Yes","Updated"
"squirrel-squirt-beer.html","Squirrel Squirt Beer","","","Not documented","Not documented","No","No","No","No","Skipped - No year in title"
"strippers.html","Strippers","","","Not documented","Not documented","No","No","No","No","Skipped - No year in title"
"stuckeys-austin-tx-1985.html","Stuckeys, Austin, TX 1985","Stuckeys, Austin, TX","1985","Not documented","1985","Yes","Yes","Yes","Yes","Updated"
"sugar-the-other-white-powder.html","Sugar, the Other White Powder","","","Not documented","Not documented","No","No","No","No","Skipped - No year in title"
"supermarket-1.html","Supermarket 1","","","Not documented","Not documented","No","No","No","No","Skipped - No year in title"
"supermarket-2.html","Supermarket 2","","","Not documented","Not documented","No","No","No","No","Skipped - No year in title"
"supersize-this-mother-fker.html","Supersize This Mother F@#ker!","","","Not documented","Not documented","No","No","No","No","Skipped - No year in title"
"supersize-your-thighs.html","Supersize Your Thighs","","","Not documented","Not documented","No","No","No","No","Skipped - No year in title"
"support-our-ceos.html","Support Our CEOs","","","Not documented","Not documented","No","No","No","No","Skipped - No year in title"
"surveillance-austin-tx-1985.html","Surveillance, Austin, TX 1985","Surveillance, Austin, TX","1985","Not documented","1985","Yes","Yes","Yes","Yes","Updated"
"thank-god-for-global-warming.html","Thank God for Global Warming","","","Not documented","Not documented","No","No","No","No","Skipped - No year in title"
"the-cancer-kid-jersey-city-1996.html","The Cancer Kid, Jersey City, 1996","The Cancer Kid, Jersey City","1996","Not documented","1996","Yes","Yes","Yes","Yes","Updated"
"the-gefkens.html","The Gefkens","","","Not documented","Not documented","No","No","No","No","Skipped - No year in title"
"the-invading-aliens-from-the-beach-party-austin-tx-1985.html","The Invading Aliens from the Beach Party, Austin, TX 1985","The Invading Aliens from the Beach Party, Austin, TX","1985","Not documented","1985","Yes","Yes","Yes","Yes","Updated"
"the-late-show.html","The Late Show","","","Not documented","Not documented","No","No","No","No","Skipped - No year in title"
"the-media-is-the-massage-version-2.html","The Media Is the Massage Version 2","","","Not documented","Not documented","No","No","No","No","Skipped - No year in title"
"the-poor-what-are-they-good-for.html","The Poor - What Are They Good For","","","Not documented","Not documented","No","No","No","No","Skipped - No year in title"
"the-rabbits-in-delusionville.html","The Rabbbits in Delusionville","","","Not documented","Not documented","No","No","No","No","Skipped - No year in title"
"think-different.html","Think Different","","","Not documented","Not documented","No","No","No","No","Skipped - No year in title"
"think-different-manson.html","Think Different - Manson","","","Not documented","Not documented","No","No","No","No","Skipped - No year in title"
"to-serve-man.html","To Serve Man","","","Not documented","Not documented","No","No","No","No","Skipped - No year in title"
"trump-golden-billionare.html","Trump - Golden Billionare","","","Not documented","Not documented","No","No","No","No","Skipped - No year in title"
"trumpty-dumpty.html","Trumpty Dumpty","","","Not documented","Not documented","No","No","No","No","Skipped - No year in title"
"two-thousand-years-in-the-tomb.html","Two Thousand Years in the Tomb","","","Not documented","Not documented","No","No","No","No","Skipped - No year in title"
"wars-fought-orgies-organized.html","Wars Fought, Orgies Organized","","","Not documented","Not documented","No","No","No","No","Skipped - No year in title"
"we-deceive-you-believe.html","We Deceive, You Believe","","","Not documented","Not documented","No","No","No","No","Skipped - No year in title"
"we-deceive-you-believe-denver-co.html","We Deceive, You Believe, Denver CO","","","Not documented","Not documented","No","No","No","No","Skipped - No year in title"
"weed-eagle.html","Weed Eagle","","","Not documented","Not documented","No","No","No","No","Skipped - No year in title"
"welcome-wall.html","Welcome Wall","","","Not documented","Not documented","No","No","No","No","Skipped - No year in title"
"wellington-court-mural-project.html","Wellington Court Mural Project","","","Not documented","Not documented","No","No","No","No","Skipped - No year in title"
"whats-in-your-body.html","What's in Your Body","","","Not documented","Not documented","No","No","No","No","Skipped - No year in title"
"where-a-clown-belongs-austin-tx-1983.html","Where a Clown Belongs, Austin TX 1983","Where a Clown Belongs, Austin TX","1983","Not documented","1983","Yes","Yes","Yes","Yes","Updated"
"woodstok-wall.html","Woodstock Wall","","","Not documented","Not documented","No","No","No","No","Skipped - No year in title"
"you-are-not-a-clone-version-2.html","You Are Not a Clone, Version 2","","","Not documented","Not documented","No","No","No","No","Skipped - No year in title"
"you-are-not-here.html","You Are Not Here","","","Not documented","Not documented","No","No","No","No","Skipped - No year in title"
"you-are-what-you-own.html","You Are What You Own","","","Not documented","Not documented","No","No","No","No","Skipped - No year in title"
"your-apathy-is-our-strength.html","Your Apathy Is Our Strength","","","Not documented","Not documented","No","No","No","No","Skipped - No year in title"
