"Order","WorkID","Title","File","HeroImage","GalleryImageCount"
"1","RE-011795","1000 Points of Light, NYC, 1991","1000-points-of-light-nyc-1991.html","../images/billboards/1000-points-of-light-nyc-1991.jpg",
"2","RE-011796","Abortion Hanger","abortion-hanger-1.html","../images/billboards/abortion-hanger-1.jpg","7"
"3","RE-011797","Absolut Wallpaper Rome - Guernica","absolut-wallpaper-rome-guernica.html","../images/billboards/absolut-wallpaper-rome-guernica.jpg","10"
"4","RE-011798","AIDS Condom","aids-condom.html","../images/billboards/aids-condom.jpg","0"
"5","RE-011799","AIDS, Jersey City, 1991","aids-jersey-city-1991.html","../images/billboards/aids-jersey-city-1991.jpg","0"
"6","RE-011800","All-American","all-american.html","../images/billboards/all-american.jpg","0"
"7","RE-011801","Art Gathering LA, Tattoo Convention Long Beach, June 2016","art-gathering-la-tattoo-convention-long-beach-june-2016.html","../images/billboards/Art%20Gathering%20LA%2C%20tattoo%20convention%20Long%20Beach%2C%20June%202016.jpg","0"
"8","RE-011802","Barney vs Godzilla","barney-vs-godzilla.html","../images/billboards/barney-vs-godzilla.jpg","2"
"9","RE-011803","Batboy, Bronx, NY 1987","batboy-bronx-ny-1987.html","../images/billboards/batboy-bronx-ny-1987.jpg","0"
"10","RE-011804","Beacon Windows","beacon-windows.html","../images/billboards/beacon-windows.jpg","5"
"11","RE-011805","Better Living Through Chemistry","better-living-through-chemistry.html","../images/billboards/better-living-through-chemistry.jpg","0"
"12","RE-011806","Billboard Liberation - Just Do It","billboard-liberation-just-do-it.html","../images/billboards/billboard-liberation-just-do-it.jpg","0"
"13","RE-011807","Bogus Vogue","bogus-vogue.html","../images/billboards/bogus-vogue.jpg",
"14","RE-011808","Breathe","breathe.html","../images/billboards/breathe.jpg","0"
"15","RE-011809","Bunnies","bunnies.html","../images/billboards/bunnies.jpg","0"
"16","RE-011810","Camel Junior, NYC, 1991","camel-junior-nyc-1991.html","../images/billboards/camel-junior-nyc-1991.jpg","2"
"17","RE-011811","Camel Juniors, NYC, 1991","camel-juniors-nyc-1991.html","../images/billboards/camel-juniors-nyc-1991.jpg","0"
"18","RE-011812","Camel Kids, Jersey City, 1995","camel-kids-jersey-city-1995.html","../images/billboards/camel-kids-jersey-city-1995.jpg","0"
"19","RE-011813","Censorship Is Good Because..., NYC, 1990","censorship-is-good-because-nyc-1990.html","../images/billboards/censorship-is-good-because-nyc-1990.jpg","4"
"20","RE-011814","Cereal Killer","cereal-killer.html","../images/billboards/cereal-killer.jpg","0"
"21","RE-011815","Christmas Card 1989","christmas-card-1989.html","../images/billboards/christmas-card-1989.jpg","0"
"22","RE-011816","Circus","circus.html","../images/billboards/circus.jpg",
"23","RE-011817","Close Cover Before Cremating","close-cover-before-cremating.html","../images/billboards/close-cover-before-cremating.jpg","0"
"24","RE-011818","Combrats","combrats.html","../images/billboards/combrats.jpg",
"25","RE-011819","Cover the Earth","cover-the-earth.html","../images/billboards/cover-the-earth.jpg","0"
"26","RE-011820","De La Barracuda Wall, LA, 2011","de-la-barracuda-wall-la-2011.html","../images/billboards/de-la-barracuda-wall-LA-2011.jpg",
"27","RE-011821","Dinosaur","dinosaur.html","../images/billboards/dinosaur.jpg","0"
"28","RE-011822","Don't Do It in a Vacuum","dont-do-it-in-a-vacuum.html","../images/billboards/dont-do-it-in-a-vacuum.jpg","0"
"29","RE-011823","Enhanced Milk","enhanced-milk.html","../images/billboards/enhanced-milk.jpg","0"
"30","RE-011824","Evolution - Non E Para Todos","evolucion-non-e-para-todos.html","../images/billboards/evolucion-non-e-para-todos.jpg",
"31","RE-011825","Evolution - Don't Get Left Behind","evolution-dont-get-left-behind.html","../images/billboards/evolution-dont-get-left-behind.jpg","0"
"32","RE-011826","Evolution - It's Not for Everyone","evolution-its-not-for-everyone.html","../images/billboards/evolution-its-not-for-everyone.jpg","0"
"33","RE-011827","Evolve","evolve.html","../images/billboards/evolve.jpg","0"
"34","RE-011828","Eyes in Austin, TX, 1984","eyes-in-austin-tx-1984.html","../images/billboards/eyes-in-austin-tx-1984.jpg","0"
"35","RE-011829","Family Album","family-album.html","../images/billboards/family-album.jpg","0"
"36","RE-011830","Family Values, Austin TX","family-values-austin-tx.html","../images/billboards/family-values-austin-tx.jpg","0"
"37","RE-011831","Fat & 50","fat-and-50.html","../images/billboards/fat-and-50.jpg","0"
"38","RE-011832","Fish Eyes","fish-eyes.html","../images/billboards/fish-eyes.jpg",
"39","RE-011833","Forever Kool, Jersey City, 1995","forever-kool.html","../images/billboards/forever-kool.jpg","0"
"40","RE-011834","Get Met or Pay","get-met-or-pay.html","../images/billboards/get-met-or-pay.jpg","0"
"41","RE-011835","Good to the Last Drop","good-to-the-last-drop.html","../images/billboards/good-to-the-last-drop.jpg",
"42","RE-011836","Got Coke","got-coke-and-sugar-the-other-white-powder.html","../images/billboards/got-coke.jpg","0"
"43","RE-011837","Grade School Guernica","grade-school-guernica.html","../images/billboards/grade-school-guernica.jpg","0"
"44","RE-011838","Greetings from the Occupation 1, London","greetings-from-the-occupation-1-london.html","../images/billboards/greetings-from-the-occupation-1-london.jpg",
"45","RE-011839","Greetings from the Occupation Version 2","greetings-from-the-occupation-version-2.html","../images/billboards/greetings-from-the-occupation-version-2.jpg","7"
"46","RE-011840","Grey's Autonomy, Austin, TX 1985","greys-autonomy-austin-tx-1985.html","../images/billboards/greys-autonomy-austin-tx-1985.jpg",
"47","RE-011841","Grinny Gaylord","grinny-gaylord.html","../images/billboards/grinny-gaylord.jpg",
"48","RE-011842","Halliburton","halliburton.html","../images/billboards/halliburton.jpg","0"
"49","RE-011843","Heart Los Angeles, CA 1996","heart-los-angeles-ca-1996.html","../images/billboards/heart-los-angeles-ca-1996.jpg",
"50","RE-011844","Home of the Homeless, NYC, 1992","home-of-the-homeless-nyc-1992.html","../images/billboards/home-of-the-homeless-nyc-1992.jpg",
"51","RE-011845","Hook Any New Kids Today","hook-any-new-kids-today.html","../images/billboards/hook-any-new-kids-today.jpg",
"52","RE-011846","Houston Bowery Wall","houston-bowery-wall.html","../images/billboards/bowery-1.jpg","5"
"53","RE-011847","Hulk","hulk.html","../images/billboards/hulk.jpg","0"
"54","RE-011848","I of Second Chances - Revelations","i-of-second-chances-revelations.html","../images/billboards/i-of-second-chances-revelations.jpg","0"
"55","RE-011849","I Wanna Be Erected","i-wanna-be-erected.html","../images/billboards/i-wanna-be-erected.jpg",
"56","RE-011850","If You Believe","if-you-believe.html","../images/billboards/if-you-believe.jpg","0"
"57","RE-011851","In Your Mind's Eye","in-your-minds-eye.html","../images/billboards/in-your-minds-eye.jpg","0"
"58","RE-011852","Inauguration Obama","inauguration-obama.html","../images/billboards/inauguration-obama.jpg",
"59","RE-011853","It's a Whole New World - Road Banner","its-a-whole-new-world-road-banner.html","../images/billboards/its-a-whole-new-world-road-banner.jpg",
"60","RE-011854","It's Armageddon in America","its-armageddon-in-america.html","../images/billboards/its-armageddon-in-america.jpg","0"
"61","RE-011855","Jesus Drove an SUV","jesus-drove-an-suv.html","../images/billboards/jesus-drove-an-suv.jpg",
"62","RE-011856","Jesus Returns","jesus-returns.html","../images/billboards/jesus-returns.jpg",
"63","RE-011857","Jihad Is Over, Amsterdam","jihad-is-over-amsterdam.html","../images/billboards/jihad-is-over-amsterdam.jpg",
"64","RE-011858","Jihad Is Over Version 1","jihad-is-over-version-1.html","../images/billboards/jihad-is-over-version-1.jpg",
"65","RE-011859","Jihad Is Over Version 2","jihad-is-over-version-2.html","../images/billboards/jihad-is-over-version-2.jpg","0"
"66","RE-011860","Just Do It","just-do-it.html","../images/billboards/just-do-it.jpg",
"67","RE-011861","Keep Hope a Lie","keep-hope-a-lie.html","../images/billboards/keep-hope-a-lie.jpg","0"
"68","RE-011862","Kid Kools","kid-kools.html","../images/billboards/kid-kools.jpg","0"
"69","RE-011863","The King of Beers Version 1","king-of-beers-version-1.html","../images/billboards/king-of-beers-version-1.jpg",
"70","RE-011864","The King of Beers Version 2","king-of-beers-version-2.html","../images/billboards/king-of-beers-version-2.jpg",
"71","RE-011865","Kiss Kids on Coke","kiss-kids-on-coke.html","../images/billboards/kiss-kids-on-coke.jpg","0"
"72","RE-011866","Last Supper at McDonalds, Dallas, TX 1994","last-supper-at-mcdonalds-dallas-tx-1994-installing.html","../images/billboards/last-supper-at-mcdonalds-dallas-tx-1994.jpg",
"73","RE-011867","Les Pauvres","les-pauvres.html","../images/billboards/les-pauvres.jpg",
"74","RE-011868","Let's Get Drunk and Kill God, Version 2","lets-get-drunk-and-kill-god-version-2.html","../images/billboards/lets-get-drunk-and-kill-god-version-2.jpg","0"
"75","RE-011869","Liberty's First Casualty","libertys-first-casualty.html","../images/billboards/libertys-first-casualty.jpg",
"76","RE-011870","Life after Debt, Jersey City, 1992","life-after-debt-jersey-city-1992.html","../images/billboards/life-after-debt-jersey-city-1992.jpg","0"
"77","RE-011871","Look Before You Speak","look-before-you-speak.html","../images/billboards/look-before-you-speak.jpg","0"
"78","RE-011872","Love, Dallas, TX 1981","love-dallas-tx-1981.html","../images/billboards/love-dallas-tx-1981.jpg","0"
"79","RE-011873","Lust, Dallas, TX 1981","lust-dallas-tx-1981.html","../images/billboards/lust-dallas-tx-1981.jpg",
"80","RE-011874","Marlboro Boy","marlboro-boy.html","../images/billboards/marlboro-boy.jpg","2"
"81","RE-011875","Masturbation Is Murder","masturbation-is-murder.html","../images/billboards/masturbation-is-murder.jpg","0"
"82","RE-011876","McSoylent Gold Is Cattle","mc-soylent-gold-is-cattle.html","../images/billboards/mc-soylent-gold-is-cattle.jpg","0"
"83","RE-011877","MC Super Sized","mc-super-sized.html","../images/billboards/mc-super-sized.jpg",
"84","RE-011878","Modern Mickeys","modern-mickeys.html","../images/billboards/modern-mickeys.jpg","0"
"85","RE-011879","Monica and Marilyn","monica.html","../images/billboards/monica-and-marilyn.jpg","2"
"86","RE-011880","More Jingoism Less Journalism","more-jingoism-less-journalism.html","../images/billboards/more-jingoism-less-journalism.jpg",
"87","RE-011881","The Mother of All Milkshakes","mother-of-all-milkshakes.html","../images/billboards/mother-of-all-milkshakes.jpg","0"
"88","RE-011882","New AIDS Transmitted Through Eye Contact","new-aids-transmitted-through-eye-contact.html","../images/billboards/new-aids-transmitted-through-eye-contact.jpg","0"
"89","RE-011883","The New World Order, NYC, 1990","new-world-order-nyc-1990.html","../images/billboards/new-world-order-nyc-1990.jpg","0"
"90","RE-011884","New Years Eve","new-years-eve.html","../images/billboards/new-years-eve.jpg","0"
"91","RE-011885","No Brain No Pain","no-brain-no-pain.html","../images/billboards/no-brain-no-pain.jpg","0"
"92","RE-011886","Nova Orden Mundial","nova-orden-mundial.html","../images/billboards/nova-orden-mundial.jpg","4"
"93","RE-011887","Nova Xeracion","nova-xeracion.html","../images/billboards/nova-xeracion.jpg","6"
"94","RE-011888","Observe, Listen, Reveal","observe-listen-reveal.html","../images/billboards/observe-listen-reveal.jpg","3"
"95","RE-011889","Obama","obama.html","../images/billboards/obama.jpg","20"
"96","RE-011890","OJ Simpson","oj-simpson.html","../images/billboards/oj-simpson.jpg","0"
"97","RE-011891","One God, One Party","one-god-one-party.html","../images/billboards/one-god-one-party.jpg",
"98","RE-011892","Over 50 Billion Super-Sized","over-50-billion-super-sized.html","../images/billboards/over-50-billion-super-sized.jpg",
"99","RE-011893","Phat Food","phat-food.html","../images/billboards/phat-food.jpg","0"
"100","RE-011894","Playdate Iran","playdate-iran.html","../images/billboards/playdate-iran.jpg","2"
"101","RE-011895","Politician","politician.html","../images/billboards/politician.jpg","0"
"102","RE-011896","Power Before People","power-before-people.html","../images/billboards/power-before-people.jpg","0"
"103","RE-011897","Public Works Grin","public-works-grin.html","../images/billboards/public-works-grin.jpg","0"
"104","RE-011898","Put a Tiger on the Brink","put-a-tiger-on-the-brink.html","../images/billboards/put-a-tiger-on-the-brink.jpg","0"
"105","RE-011899","Radiant Child, 1984","radiant-child-1984.html","../images/billboards/radiant-child-1984.jpg","0"
"106","RE-011900","Randall Hart","randall-hart.html","../images/billboards/randall-hart.jpg","0"
"107","RE-011901","Raquel's Topless Steak House","raquels-topless-steak-house.html","../images/billboards/raquels-topless-steak-house.jpg","0"
"108","RE-011902","Rayban","rayban.html","../images/billboards/rayban.jpg",
"109","RE-011903","Read Between the Lies","read-between-the-lies.html","../images/billboards/read-between-the-lies.jpg","0"
"110","RE-011904","Read My Lips","read-my-lips.html","../images/billboards/read-my-lips.jpg","0"
"111","RE-011905","Recombinant Growth Hormone","recombinant-growth-hormone.html","../images/billboards/recombinant-growth-hormone.jpg","0"
"112","RE-011906","Revelations Book II","revelations-book-ii.html","../images/billboards/revelations-book-II.jpg","0"
"113","RE-011907","Resurrect Your Inner Rabbit","resurrect-your-inner-rabbit.html","../images/billboards/resurrect-your-inner-rabbbbit.jpg","0"
"114","RE-011908","Ron English and the Artfux, NYC 1990","ron-english-and-the-artfux-nyc-1990.html","../images/billboards/ron-english-and-the-artfux-nyc-1990.jpg","0"
"115","RE-011909","Ross Perot","ross-perot.html","../images/billboards/ross-perot.jpg","0"
"116","RE-011910","Rush - Always Right","rush-always-right.html","../images/billboards/rush-always-right.jpg","0"
"117","RE-011911","Saddam's SUVs","saddams-suvs.html","../images/billboards/saddams-suvs.jpg","3"
"118","RE-011912","Salem Spirit, Austin, TX 1983","salem-spirit-austin-tx-1983.html","../images/billboards/salem-spirit-austin-tx-1983.jpg","0"
"119","RE-011913","Se Cres No Ten Porque Ser Verdade","se-cres-no-ten-porque-ser-verdade.html","../images/billboards/se-cres-no-ten-porque-ser-verdade.jpg","4"
"120","RE-011914","She's Smoking for Two, Jersey City, 1996","shes-smoking-for-two-jersey-city-1996.html","../images/billboards/shes-smoking-for-two-jersey-city-1996.jpg","0"
"121","RE-011915","Shop While They Drop","shop-while-they-drop.html","../images/billboards/shop-while-they-drop.jpg","0"
"122","RE-011916","Sideshow, Denton, TX 1981","sideshow-denton-tx-1981.html","../images/billboards/sideshow-denton-tx-1981.jpg","0"
"123","RE-011917","Smoke a Camel, Ron & The Artfux, NYC, 1990","smoke-a-camel-ron-and-the-artfux-nyc-1990.html","../images/billboards/smoke-a-camel-ron-and-the-artfux-nyc-1.jpg","0"
"124","RE-011918","Smooth Character, Jersey City, 1992","smooth-character-jersey-city-1992.html","../images/billboards/smooth-character-jersey-city-1992.jpg","0"
"125","RE-011919","Some Fred's Are Gonna Roll, NYC, 1990","some-freds-are-gonna-roll-nyc-1990.html","../images/billboards/some-freds-are-gonna-roll-nyc-1990.jpg","0"
"126","RE-011920","Squirrel Squirt Beer","squirrel-squirt-beer.html","../images/billboards/squirrel-squirt-beer.jpg","2"
"127","RE-011921","Strippers","strippers.html","../images/billboards/strippers.jpg","0"
"128","RE-011922","Stuckeys, Austin, TX 1985","stuckeys-austin-tx-1985.html","../images/billboards/stuckeys-austin-tx-1985.jpg","0"
"129","RE-011923","Sugar, the Other White Powder","sugar-the-other-white-powder.html","../images/billboards/sideshow-denton-tx-1981.jpg","0"
"130","RE-011924","Supermarket 1","supermarket-1.html","../images/billboards/supermarket-1.jpg","0"
"131","RE-011925","Supermarket 2","supermarket-2.html","../images/billboards/sideshow-denton-tx-1981.jpg","0"
"132","RE-011926","Support Our CEOs","support-our-ceos.html","../images/billboards/support-our-ceos.jpg","0"
"133","RE-011927","Supersize This Mother F@#ker!","supersize-this-mother-fker.html","../images/billboards/supersize-this-mother-f@%23ker!.jpg","0"
"134","RE-011928","Supersize Your Thighs","supersize-your-thighs.html","../images/billboards/supersize-your-thighs.jpg",
"135","RE-011929","Surveillance, Austin, TX 1985","surveillance-austin-tx-1985.html","../images/billboards/surveillance-austin-tx-1985.jpg","2"
"136","RE-011930","Thank God for Global Warming","thank-god-for-global-warming.html","../images/billboards/thank-god-for-global-warming.jpg","0"
"137","RE-011931","The Cancer Kid, Jersey City, 1996","the-cancer-kid-jersey-city-1996.html","../images/billboards/the-cancer-kid-jersey-city-1996.jpg","0"
"138","RE-011932","The Gefkens","the-gefkens.html","../images/billboards/the-gefkens.jpg",
"139","RE-011933","The Invading Aliens from the Beach Party, Austin, TX 1985","the-invading-aliens-from-the-beach-party-austin-tx-1985.html","../images/billboards/the-invading-aliens-from-the-beach-party.jpg",
"140","RE-011934","The Late Show","the-late-show.html","../images/billboards/the-late-show.jpg","0"
"141","RE-011935","The Media Is the Massage Version 2","the-media-is-the-massage-version-2.html","../images/billboards/the-media-is-the-massage-version-2.jpg","0"
"142","RE-011936","The Poor - What Are They Good For","the-poor-what-are-they-good-for.html","../images/billboards/the-poor-what-are-they-good-for.jpg","0"
"143","RE-011937","The Rabbbits in Delusionville","the-rabbits-in-delusionville.html","../images/billboards/the-rabbbits-in-delusionville.jpg","0"
"144","RE-011938","Think Different","think-different.html","../images/billboards/think-different.jpg","0"
"145","RE-011939","Think Different - Manson","think-different-manson.html","../images/billboards/think-different-manson.jpg","0"
"146","RE-011940","To Serve Man","to-serve-man.html","../images/billboards/to-serve-man.jpg","11"
"147","RE-011941","Trump - Golden Billionare","trump-golden-billionare.html","../images/billboards/trump-golden-billionare.jpg","0"
"148","RE-011942","Trumpty Dumpty","trumpty-dumpty.html","../images/billboards/trumpty-dumpty.jpg","0"
"149","RE-011943","Two Thousand Years in the Tomb","two-thousand-years-in-the-tomb.html","../images/billboards/two-thousand-years-in-the-tomb.jpg","0"
"150","RE-011944","Wars Fought, Orgies Organized","wars-fought-orgies-organized.html","../images/billboards/wars-fought-orgies-organized.jpg","0"
"151","RE-011945","We Deceive, You Believe","we-deceive-you-believe.html","../images/billboards/we-deceive-you-believe.jpg",
"152","RE-011946","We Deceive, You Believe, Denver CO","we-deceive-you-believe-denver-co.html","../images/billboards/we-deceive-you-believe-denver-co.jpg",
"153","RE-011947","Welcome Wall","welcome-wall.html","../images/billboards/welcome-wall.jpg","42"
"154","RE-011948","Weed Eagle","weed-eagle.html","../images/billboards/weed-eagle.jpg","0"
"155","RE-011949","Wellington Court Mural Project","wellington-court-mural-project.html","../images/billboards/wellington-court.jpg","0"
"156","RE-011950","Where a Clown Belongs, Austin TX 1983","where-a-clown-belongs-austin-tx-1983.html","../images/billboards/where-a-clown-belongs-austin-tx-1983.jpg","0"
"157","RE-011951","What's in Your Body","whats-in-your-body.html","../images/billboards/whats-in-your-body.jpg","0"
"158","RE-011952","Woodstock Wall","woodstok-wall.html","../images/billboards/woodstok-wall-1.jpg","2"
"159","RE-011953","You Are Not a Clone, Version 2","you-are-not-a-clone-version-2.html","../images/billboards/you-are-not-a-clone-version-2.jpg","2"
"160","RE-011954","You Are Not Here","you-are-not-here.html","../images/billboards/you-are-not-here.jpg","0"
"161","RE-011955","You Are What You Own","you-are-what-you-own.html","../images/billboards/you-are-what-you-own.jpg","0"
"162","RE-011956","Your Apathy Is Our Strength","your-apathy-is-our-strength.html","../images/billboards/your-apathy-is-our-strength.jpg","0"
