"File","HasImages","AlreadyHadHoverStabilityBlock","Changed","MojibakeLinesBefore","MojibakeLinesAfter","MojibakeIncreased"
"billboards\1000-points-of-light-nyc-1991.html","Yes","No","Yes","0","0","No"
"billboards\abortion-hanger-1.html","Yes","No","Yes","0","0","No"
"billboards\absolut-wallpaper-rome-guernica.html","Yes","No","Yes","0","0","No"
"billboards\aids-condom.html","Yes","No","Yes","0","0","No"
"billboards\aids-jersey-city-1991.html","Yes","No","Yes","0","0","No"
"billboards\all-american.html","Yes","No","Yes","0","0","No"
"billboards\art-gathering-la-tattoo-convention-long-beach-june-2016.html","Yes","No","Yes","0","0","No"
"billboards\barney-vs-godzilla.html","Yes","No","Yes","0","0","No"
"billboards\batboy-bronx-ny-1987.html","Yes","No","Yes","0","0","No"
"billboards\beacon-windows.html","Yes","No","Yes","0","0","No"
"billboards\better-living-through-chemistry.html","Yes","No","Yes","0","0","No"
"billboards\billboard-liberation-just-do-it.html","Yes","No","Yes","0","0","No"
"billboards\bogus-vogue.html","Yes","No","Yes","0","0","No"
"billboards\breathe.html","Yes","No","Yes","0","0","No"
"billboards\bunnies.html","Yes","No","Yes","0","0","No"
"billboards\camel-junior-nyc-1991.html","Yes","No","Yes","0","0","No"
"billboards\camel-juniors-nyc-1991.html","Yes","No","Yes","0","0","No"
"billboards\camel-kids-jersey-city-1995.html","Yes","No","Yes","0","0","No"
"billboards\censorship-is-good-because-nyc-1990.html","Yes","No","Yes","0","0","No"
"billboards\cereal-killer.html","Yes","No","Yes","0","0","No"
"billboards\christmas-card-1989.html","Yes","No","Yes","0","0","No"
"billboards\circus.html","Yes","No","Yes","0","0","No"
"billboards\close-cover-before-cremating.html","Yes","No","Yes","0","0","No"
"billboards\combrats.html","Yes","No","Yes","0","0","No"
"billboards\cover-the-earth.html","Yes","No","Yes","0","0","No"
"billboards\de-la-barracuda-wall-la-2011.html","Yes","No","Yes","0","0","No"
"billboards\dinosaur.html","Yes","No","Yes","0","0","No"
"billboards\dont-do-it-in-a-vacuum.html","Yes","No","Yes","0","0","No"
"billboards\enhanced-milk.html","Yes","No","Yes","0","0","No"
"billboards\evolucion-non-e-para-todos.html","Yes","No","Yes","0","0","No"
"billboards\evolution-dont-get-left-behind.html","Yes","No","Yes","0","0","No"
"billboards\evolution-its-not-for-everyone.html","Yes","No","Yes","0","0","No"
"billboards\evolve.html","Yes","No","Yes","0","0","No"
"billboards\eyes-in-austin-tx-1984.html","Yes","No","Yes","0","0","No"
"billboards\family-album.html","Yes","No","Yes","0","0","No"
"billboards\family-values-austin-tx.html","Yes","No","Yes","0","0","No"
"billboards\fat-and-50.html","Yes","No","Yes","0","0","No"
"billboards\fish-eyes.html","Yes","No","Yes","0","0","No"
"billboards\forever-kool.html","Yes","No","Yes","0","0","No"
"billboards\get-met-or-pay.html","Yes","No","Yes","0","0","No"
"billboards\good-to-the-last-drop.html","Yes","No","Yes","0","0","No"
"billboards\got-coke.html","Yes","No","Yes","0","0","No"
"billboards\got-coke-and-sugar-the-other-white-powder.html","Yes","No","Yes","0","0","No"
"billboards\grade-school-guernica.html","Yes","No","Yes","0","0","No"
"billboards\greetings-from-the-occupation-1-london.html","Yes","No","Yes","0","0","No"
"billboards\greetings-from-the-occupation-version-2.html","Yes","No","Yes","0","0","No"
"billboards\greys-autonomy-austin-tx-1985.html","Yes","No","Yes","0","0","No"
"billboards\grinny-gaylord.html","Yes","No","Yes","0","0","No"
"billboards\halliburton.html","Yes","No","Yes","0","0","No"
"billboards\heart-los-angeles-ca-1996.html","Yes","No","Yes","0","0","No"
"billboards\home-of-the-homeless-nyc-1992.html","Yes","No","Yes","0","0","No"
"billboards\hook-any-new-kids-today.html","Yes","No","Yes","0","0","No"
"billboards\houston-bowery-wall.html","Yes","No","Yes","0","0","No"
"billboards\hulk.html","Yes","No","Yes","0","0","No"
"billboards\if-you-believe.html","Yes","No","Yes","0","0","No"
"billboards\inauguration-obama.html","Yes","No","Yes","0","0","No"
"billboards\index.html","Yes","No","Yes","0","0","No"
"billboards\in-your-minds-eye.html","Yes","No","Yes","0","0","No"
"billboards\i-of-second-chances-revelations.html","Yes","No","Yes","0","0","No"
"billboards\its-armageddon-in-america.html","Yes","No","Yes","0","0","No"
"billboards\its-a-whole-new-world-road-banner.html","Yes","No","Yes","0","0","No"
"billboards\i-wanna-be-erected.html","Yes","No","Yes","0","0","No"
"billboards\jesus-drove-an-suv.html","Yes","No","Yes","0","0","No"
"billboards\jesus-returns.html","Yes","No","Yes","0","0","No"
"billboards\jihad-is-over-amsterdam.html","Yes","No","Yes","0","0","No"
"billboards\jihad-is-over-version-1.html","Yes","No","Yes","0","0","No"
"billboards\jihad-is-over-version-2.html","Yes","No","Yes","0","0","No"
"billboards\just-do-it.html","Yes","No","Yes","0","0","No"
"billboards\keep-hope-a-lie.html","Yes","No","Yes","0","0","No"
"billboards\kid-kools.html","Yes","No","Yes","0","0","No"
"billboards\king-of-beers-version-1.html","Yes","No","Yes","0","0","No"
"billboards\king-of-beers-version-2.html","Yes","No","Yes","0","0","No"
"billboards\kiss-kids-on-coke.html","Yes","No","Yes","0","0","No"
"billboards\last-supper-at-mcdonalds-dallas-tx-1994-installing.html","Yes","No","Yes","0","0","No"
"billboards\les-pauvres.html","Yes","No","Yes","0","0","No"
"billboards\lets-get-drunk-and-kill-god-version-2.html","Yes","No","Yes","0","0","No"
"billboards\libertys-first-casualty.html","Yes","No","Yes","0","0","No"
"billboards\life-after-debt-jersey-city-1992.html","Yes","No","Yes","0","0","No"
"billboards\look-before-you-speak.html","Yes","No","Yes","0","0","No"
"billboards\love-dallas-tx-1981.html","Yes","No","Yes","0","0","No"
"billboards\lust-dallas-tx-1981.html","Yes","No","Yes","0","0","No"
"billboards\marlboro-boy.html","Yes","No","Yes","0","0","No"
"billboards\masturbation-is-murder.html","Yes","No","Yes","0","0","No"
"billboards\mc-soylent-gold-is-cattle.html","Yes","No","Yes","0","0","No"
"billboards\mc-super-sized.html","Yes","No","Yes","0","0","No"
"billboards\modern-mickeys.html","Yes","No","Yes","0","0","No"
"billboards\monica.html","Yes","No","Yes","0","0","No"
"billboards\more-jingoism-less-journalism.html","Yes","No","Yes","0","0","No"
"billboards\mother-of-all-milkshakes.html","Yes","No","Yes","0","0","No"
"billboards\new-aids-transmitted-through-eye-contact.html","Yes","No","Yes","0","0","No"
"billboards\new-world-order-nyc-1990.html","Yes","No","Yes","0","0","No"
"billboards\new-years-eve.html","Yes","No","Yes","0","0","No"
"billboards\no-brain-no-pain.html","Yes","No","Yes","0","0","No"
"billboards\nova-orden-mundial.html","Yes","No","Yes","0","0","No"
"billboards\nova-xeracion.html","Yes","No","Yes","0","0","No"
"billboards\obama.html","Yes","No","Yes","0","0","No"
"billboards\observe-listen-reveal.html","Yes","No","Yes","0","0","No"
"billboards\oj-simpson.html","Yes","No","Yes","0","0","No"
"billboards\one-god-one-party.html","Yes","No","Yes","0","0","No"
"billboards\over-50-billion-super-sized.html","Yes","No","Yes","0","0","No"
"billboards\phat-food.html","Yes","No","Yes","0","0","No"
"billboards\playdate-iran.html","Yes","No","Yes","0","0","No"
"billboards\politician.html","Yes","No","Yes","0","0","No"
"billboards\power-before-people.html","Yes","No","Yes","0","0","No"
"billboards\public-works-grin.html","Yes","No","Yes","0","0","No"
"billboards\put-a-tiger-on-the-brink.html","Yes","No","Yes","0","0","No"
"billboards\radiant-child-1984.html","Yes","No","Yes","0","0","No"
"billboards\randall-hart.html","Yes","No","Yes","0","0","No"
"billboards\raquels-topless-steak-house.html","Yes","No","Yes","0","0","No"
"billboards\rayban.html","Yes","No","Yes","0","0","No"
"billboards\read-between-the-lies.html","Yes","No","Yes","0","0","No"
"billboards\read-my-lips.html","Yes","No","Yes","0","0","No"
"billboards\recombinant-growth-hormone.html","Yes","No","Yes","0","0","No"
"billboards\resurrect-your-inner-rabbit.html","Yes","No","Yes","0","0","No"
"billboards\revelations-book-ii.html","Yes","No","Yes","0","0","No"
"billboards\ron-english-and-the-artfux-nyc-1990.html","Yes","No","Yes","0","0","No"
"billboards\ross-perot.html","Yes","No","Yes","0","0","No"
"billboards\rush-always-right.html","Yes","No","Yes","0","0","No"
"billboards\saddams-suvs.html","Yes","No","Yes","0","0","No"
"billboards\salem-spirit-austin-tx-1983.html","Yes","No","Yes","0","0","No"
"billboards\se-cres-no-ten-porque-ser-verdade.html","Yes","No","Yes","0","0","No"
"billboards\shes-smoking-for-two-jersey-city-1996.html","Yes","No","Yes","0","0","No"
"billboards\shop-while-they-drop.html","Yes","No","Yes","0","0","No"
"billboards\sideshow-denton-tx-1981.html","Yes","No","Yes","0","0","No"
"billboards\smoke-a-camel-ron-and-the-artfux-nyc-1990.html","Yes","No","Yes","0","0","No"
"billboards\smooth-character-jersey-city-1992.html","Yes","No","Yes","0","0","No"
"billboards\some-freds-are-gonna-roll-nyc-1990.html","Yes","No","Yes","0","0","No"
"billboards\squirrel-squirt-beer.html","Yes","No","Yes","0","0","No"
"billboards\strippers.html","Yes","No","Yes","0","0","No"
"billboards\stuckeys-austin-tx-1985.html","Yes","No","Yes","0","0","No"
"billboards\sugar-the-other-white-powder.html","Yes","No","Yes","0","0","No"
"billboards\supermarket-1.html","Yes","No","Yes","0","0","No"
"billboards\supermarket-2.html","Yes","No","Yes","0","0","No"
"billboards\supersize-this-mother-fker.html","Yes","No","Yes","0","0","No"
"billboards\supersize-your-thighs.html","Yes","No","Yes","0","0","No"
"billboards\support-our-ceos.html","Yes","No","Yes","0","0","No"
"billboards\surveillance-austin-tx-1985.html","Yes","No","Yes","0","0","No"
"billboards\thank-god-for-global-warming.html","Yes","No","Yes","0","0","No"
"billboards\the-cancer-kid-jersey-city-1996.html","Yes","No","Yes","0","0","No"
"billboards\the-gefkens.html","Yes","No","Yes","0","0","No"
"billboards\the-invading-aliens-from-the-beach-party-austin-tx-1985.html","Yes","No","Yes","0","0","No"
"billboards\the-late-show.html","Yes","No","Yes","0","0","No"
"billboards\the-media-is-the-massage-version-2.html","Yes","No","Yes","0","0","No"
"billboards\the-poor-what-are-they-good-for.html","Yes","No","Yes","0","0","No"
"billboards\the-rabbits-in-delusionville.html","Yes","No","Yes","0","0","No"
"billboards\think-different.html","Yes","No","Yes","0","0","No"
"billboards\think-different-manson.html","Yes","No","Yes","0","0","No"
"billboards\to-serve-man.html","Yes","No","Yes","0","0","No"
"billboards\trump-golden-billionare.html","Yes","No","Yes","0","0","No"
"billboards\trumpty-dumpty.html","Yes","No","Yes","0","0","No"
"billboards\two-thousand-years-in-the-tomb.html","Yes","No","Yes","0","0","No"
"billboards\wars-fought-orgies-organized.html","Yes","No","Yes","0","0","No"
"billboards\we-deceive-you-believe.html","Yes","No","Yes","0","0","No"
"billboards\we-deceive-you-believe-denver-co.html","Yes","No","Yes","0","0","No"
"billboards\weed-eagle.html","Yes","No","Yes","0","0","No"
"billboards\welcome-wall.html","Yes","No","Yes","0","0","No"
"billboards\wellington-court-mural-project.html","Yes","No","Yes","0","0","No"
"billboards\whats-in-your-body.html","Yes","No","Yes","0","0","No"
"billboards\where-a-clown-belongs-austin-tx-1983.html","Yes","No","Yes","0","0","No"
"billboards\woodstok-wall.html","Yes","No","Yes","0","0","No"
"billboards\you-are-not-a-clone-version-2.html","Yes","No","Yes","0","0","No"
"billboards\you-are-not-here.html","Yes","No","Yes","0","0","No"
"billboards\you-are-what-you-own.html","Yes","No","Yes","0","0","No"
"billboards\your-apathy-is-our-strength.html","Yes","No","Yes","0","0","No"
