"Section","File","OldTitle","NewTitle","CircaYearFound","DateBefore","DateAfter","PageChanged","TitleChanged","DateChanged","IndexChanged","RemainingMojibakeWarning"
"billboards","1000-points-of-light-nyc-1991.html","1000 Points of Light, NYC","","","1991","1991","No","No","No","No","No"
"billboards","abortion-hanger-1.html","Abortion Hanger","","","Not documented","Not documented","No","No","No","No","No"
"billboards","absolut-wallpaper-rome-guernica.html","Absolut Wallpaper Rome - Guernica","","","Not documented","Not documented","No","No","No","No","No"
"billboards","aids-condom.html","AIDS Condom","","","Not documented","Not documented","No","No","No","No","No"
"billboards","aids-jersey-city-1991.html","AIDS, Jersey City","","","1991","1991","No","No","No","No","No"
"billboards","all-american.html","All-American","","","Not documented","Not documented","No","No","No","No","No"
"billboards","art-gathering-la-tattoo-convention-long-beach-june-2016.html","Art Gathering LA, Tattoo Convention Long Beach","","","June 2016","June 2016","No","No","No","No","No"
"billboards","barney-vs-godzilla.html","Barney vs Godzilla","","","Not documented","Not documented","No","No","No","No","No"
"billboards","batboy-bronx-ny-1987.html","Batboy, Bronx, NY","","","1987","1987","No","No","No","No","No"
"billboards","beacon-windows.html","Beacon Windows","","","Not documented","Not documented","No","No","No","No","No"
"billboards","better-living-through-chemistry.html","Better Living Through Chemistry","","","Not documented","Not documented","No","No","No","No","No"
"billboards","billboard-liberation-just-do-it.html","Billboard Liberation - Just Do It","","","Not documented","Not documented","No","No","No","No","No"
"billboards","bogus-vogue.html","Bogus Vogue","","","Not documented","Not documented","No","No","No","No","No"
"billboards","breathe.html","Breathe","","","Not documented","Not documented","No","No","No","No","No"
"billboards","bunnies.html","Bunnies","","","Not documented","Not documented","No","No","No","No","No"
"billboards","camel-junior-nyc-1991.html","Camel Junior, NYC","","","1991","1991","No","No","No","No","No"
"billboards","camel-juniors-nyc-1991.html","Camel Juniors, NYC","","","1991","1991","No","No","No","No","No"
"billboards","camel-kids-jersey-city-1995.html","Camel Kids, Jersey City","","","1995","1995","No","No","No","No","No"
"billboards","censorship-is-good-because-nyc-1990.html","Censorship Is Good Because..., NYC","","","1990","1990","No","No","No","No","No"
"billboards","cereal-killer.html","Cereal Killer","","","Not documented","Not documented","No","No","No","No","No"
"billboards","christmas-card-1989.html","Christmas Card","","","1989","1989","No","No","No","No","No"
"billboards","circus.html","Circus","","","Not documented","Not documented","No","No","No","No","No"
"billboards","close-cover-before-cremating.html","Close Cover Before Cremating","","","Not documented","Not documented","No","No","No","No","No"
"billboards","combrats.html","Combrats","","","Not documented","Not documented","No","No","No","No","No"
"billboards","cover-the-earth.html","Cover the Earth","","","Not documented","Not documented","No","No","No","No","No"
"billboards","de-la-barracuda-wall-la-2011.html","De La Barracuda Wall, LA","","","2011","2011","No","No","No","No","No"
"billboards","dinosaur.html","Dinosaur","","","Not documented","Not documented","No","No","No","No","No"
"billboards","dont-do-it-in-a-vacuum.html","Don't Do It in a Vacuum","","","Not documented","Not documented","No","No","No","No","No"
"billboards","enhanced-milk.html","Enhanced Milk","","","Not documented","Not documented","No","No","No","No","No"
"billboards","evolucion-non-e-para-todos.html","Evolution - Non E Para Todos","","","Not documented","Not documented","No","No","No","No","No"
"billboards","evolution-dont-get-left-behind.html","Evolution - Don't Get Left Behind","","","Not documented","Not documented","No","No","No","No","No"
"billboards","evolution-its-not-for-everyone.html","Evolution - It's Not for Everyone","","","Not documented","Not documented","No","No","No","No","No"
"billboards","evolve.html","Evolve","","","Not documented","Not documented","No","No","No","No","No"
"billboards","eyes-in-austin-tx-1984.html","Eyes in Austin, TX","","","1984","1984","No","No","No","No","No"
"billboards","family-album.html","Family Album","","","Not documented","Not documented","No","No","No","No","No"
"billboards","family-values-austin-tx.html","Family Values, Austin TX","","","Not documented","Not documented","No","No","No","No","No"
"billboards","fat-and-50.html","Fat & 50","","","Not documented","Not documented","No","No","No","No","No"
"billboards","fish-eyes.html","Fish Eyes","","","Not documented","Not documented","No","No","No","No","No"
"billboards","forever-kool.html","Forever Kool, Jersey City","","","1995","1995","No","No","No","No","No"
"billboards","get-met-or-pay.html","Get Met or Pay","","","Not documented","Not documented","No","No","No","No","No"
"billboards","good-to-the-last-drop.html","Good to the Last Drop","","","Not documented","Not documented","No","No","No","No","No"
"billboards","got-coke.html","Got Coke","","","","","Yes","No","No","No","Yes"
"billboards","got-coke-and-sugar-the-other-white-powder.html","Got Coke","","","Not documented","Not documented","No","No","No","No","No"
"billboards","grade-school-guernica.html","Grade School Guernica","","","Not documented","Not documented","No","No","No","No","No"
"billboards","greetings-from-the-occupation-1-london.html","Greetings from the Occupation 1, London","","","Not documented","Not documented","No","No","No","No","No"
"billboards","greetings-from-the-occupation-version-2.html","Greetings from the Occupation Version 2","","","Not documented","Not documented","No","No","No","No","No"
"billboards","greys-autonomy-austin-tx-1985.html","Grey's Autonomy, Austin, TX","","","1985","1985","No","No","No","No","No"
"billboards","grinny-gaylord.html","Grinny Gaylord","","","Not documented","Not documented","No","No","No","No","No"
"billboards","halliburton.html","Halliburton","","","Not documented","Not documented","No","No","No","No","No"
"billboards","heart-los-angeles-ca-1996.html","Heart Los Angeles, CA","","","1996","1996","No","No","No","No","No"
"billboards","home-of-the-homeless-nyc-1992.html","Home of the Homeless, NYC","","","1992","1992","No","No","No","No","No"
"billboards","hook-any-new-kids-today.html","Hook Any New Kids Today","","","Not documented","Not documented","No","No","No","No","No"
"billboards","houston-bowery-wall.html","Houston Bowery Wall","","","Not documented","Not documented","No","No","No","No","No"
"billboards","hulk.html","Hulk","","","Not documented","Not documented","No","No","No","No","No"
"billboards","if-you-believe.html","If You Believe","","","Not documented","Not documented","No","No","No","No","No"
"billboards","inauguration-obama.html","Inauguration Obama","","","Not documented","Not documented","No","No","No","No","No"
"billboards","in-your-minds-eye.html","In Your Mind's Eye","","","Not documented","Not documented","No","No","No","No","No"
"billboards","i-of-second-chances-revelations.html","I of Second Chances - Revelations","","","Not documented","Not documented","No","No","No","No","No"
"billboards","its-armageddon-in-america.html","It's Armageddon in America","","","Not documented","Not documented","No","No","No","No","No"
"billboards","its-a-whole-new-world-road-banner.html","It's a Whole New World - Road Banner","","","Not documented","Not documented","No","No","No","No","No"
"billboards","i-wanna-be-erected.html","I Wanna Be Erected","","","Not documented","Not documented","No","No","No","No","No"
"billboards","jesus-drove-an-suv.html","Jesus Drove an SUV","","","Not documented","Not documented","No","No","No","No","No"
"billboards","jesus-returns.html","Jesus Returns","","","Not documented","Not documented","No","No","No","No","No"
"billboards","jihad-is-over-amsterdam.html","Jihad Is Over, Amsterdam","","","Not documented","Not documented","No","No","No","No","No"
"billboards","jihad-is-over-version-1.html","Jihad Is Over Version 1","","","Not documented","Not documented","No","No","No","No","No"
"billboards","jihad-is-over-version-2.html","Jihad Is Over Version 2","","","Not documented","Not documented","No","No","No","No","No"
"billboards","just-do-it.html","Just Do It","","","Not documented","Not documented","No","No","No","No","No"
"billboards","keep-hope-a-lie.html","Keep Hope a Lie","","","Not documented","Not documented","No","No","No","No","No"
"billboards","kid-kools.html","Kid Kools","","","Not documented","Not documented","No","No","No","No","No"
"billboards","king-of-beers-version-1.html","The King of Beers Version 1","","","Not documented","Not documented","No","No","No","No","No"
"billboards","king-of-beers-version-2.html","The King of Beers Version 2","","","Not documented","Not documented","No","No","No","No","No"
"billboards","kiss-kids-on-coke.html","Kiss Kids on Coke","","","Not documented","Not documented","No","No","No","No","No"
"billboards","last-supper-at-mcdonalds-dallas-tx-1994-installing.html","Last Supper at McDonalds, Dallas, TX","","","1994","1994","No","No","No","No","No"
"billboards","les-pauvres.html","Les Pauvres","","","Not documented","Not documented","No","No","No","No","No"
"billboards","lets-get-drunk-and-kill-god-version-2.html","Let's Get Drunk and Kill God, Version 2","","","Not documented","Not documented","No","No","No","No","No"
"billboards","libertys-first-casualty.html","Liberty's First Casualty","","","Not documented","Not documented","No","No","No","No","No"
"billboards","life-after-debt-jersey-city-1992.html","Life after Debt, Jersey City","","","1992","1992","No","No","No","No","No"
"billboards","look-before-you-speak.html","Look Before You Speak","","","Not documented","Not documented","No","No","No","No","No"
"billboards","love-dallas-tx-1981.html","Love, Dallas, TX","","","1981","1981","No","No","No","No","No"
"billboards","lust-dallas-tx-1981.html","Lust, Dallas, TX","","","1981","1981","No","No","No","No","No"
"billboards","marlboro-boy.html","Marlboro Boy","","","Not documented","Not documented","No","No","No","No","No"
"billboards","masturbation-is-murder.html","Masturbation Is Murder","","","Not documented","Not documented","No","No","No","No","No"
"billboards","mc-soylent-gold-is-cattle.html","McSoylent Gold Is Cattle","","","Not documented","Not documented","No","No","No","No","No"
"billboards","mc-super-sized.html","MC Super Sized","","","Not documented","Not documented","No","No","No","No","No"
"billboards","modern-mickeys.html","Modern Mickeys","","","Not documented","Not documented","No","No","No","No","No"
"billboards","monica.html","Monica and Marilyn","","","Not documented","Not documented","No","No","No","No","No"
"billboards","more-jingoism-less-journalism.html","More Jingoism Less Journalism","","","Not documented","Not documented","No","No","No","No","No"
"billboards","mother-of-all-milkshakes.html","The Mother of All Milkshakes","","","Not documented","Not documented","No","No","No","No","No"
"billboards","new-aids-transmitted-through-eye-contact.html","New AIDS Transmitted Through Eye Contact","","","Not documented","Not documented","No","No","No","No","No"
"billboards","new-world-order-nyc-1990.html","The New World Order, NYC","","","1990","1990","No","No","No","No","No"
"billboards","new-years-eve.html","New Years Eve","","","Not documented","Not documented","No","No","No","No","No"
"billboards","no-brain-no-pain.html","No Brain No Pain","","","Not documented","Not documented","No","No","No","No","No"
"billboards","nova-orden-mundial.html","Nova Orden Mundial","","","Not documented","Not documented","No","No","No","No","No"
"billboards","nova-xeracion.html","Nova Xeracion","","","Not documented","Not documented","No","No","No","No","No"
"billboards","obama.html","Obama","","","Not documented","Not documented","No","No","No","No","No"
"billboards","observe-listen-reveal.html","Observe, Listen, Reveal","","","Not documented","Not documented","No","No","No","No","No"
"billboards","oj-simpson.html","OJ Simpson","","","Not documented","Not documented","No","No","No","No","No"
"billboards","one-god-one-party.html","One God, One Party","","","Not documented","Not documented","No","No","No","No","No"
"billboards","over-50-billion-super-sized.html","Over 50 Billion Super-Sized","","","Not documented","Not documented","No","No","No","No","No"
"billboards","phat-food.html","Phat Food","","","Not documented","Not documented","No","No","No","No","No"
"billboards","playdate-iran.html","Playdate Iran","","","Not documented","Not documented","No","No","No","No","No"
"billboards","politician.html","Politician","","","Not documented","Not documented","No","No","No","No","No"
"billboards","power-before-people.html","Power Before People","","","Not documented","Not documented","No","No","No","No","No"
"billboards","public-works-grin.html","Public Works Grin","","","Not documented","Not documented","No","No","No","No","No"
"billboards","put-a-tiger-on-the-brink.html","Put a Tiger on the Brink","","","Not documented","Not documented","No","No","No","No","No"
"billboards","radiant-child-1984.html","Radiant Child","","","1984","1984","No","No","No","No","No"
"billboards","randall-hart.html","Randall Hart","","","Not documented","Not documented","No","No","No","No","No"
"billboards","raquels-topless-steak-house.html","Raquel's Topless Steak House","","","Not documented","Not documented","No","No","No","No","No"
"billboards","rayban.html","Rayban","","","Not documented","Not documented","No","No","No","No","No"
"billboards","read-between-the-lies.html","Read Between the Lies","","","Not documented","Not documented","No","No","No","No","No"
"billboards","read-my-lips.html","Read My Lips","","","Not documented","Not documented","No","No","No","No","No"
"billboards","recombinant-growth-hormone.html","Recombinant Growth Hormone","","","Not documented","Not documented","No","No","No","No","No"
"billboards","resurrect-your-inner-rabbit.html","Resurrect Your Inner Rabbit","","","Not documented","Not documented","No","No","No","No","No"
"billboards","revelations-book-ii.html","Revelations Book II","","","Not documented","Not documented","No","No","No","No","No"
"billboards","ron-english-and-the-artfux-nyc-1990.html","Ron English and the Artfux, NYC","","","1990","1990","No","No","No","No","No"
"billboards","ross-perot.html","Ross Perot","","","Not documented","Not documented","No","No","No","No","No"
"billboards","rush-always-right.html","Rush - Always Right","","","Not documented","Not documented","No","No","No","No","No"
"billboards","saddams-suvs.html","Saddam's SUVs","","","Not documented","Not documented","No","No","No","No","No"
"billboards","salem-spirit-austin-tx-1983.html","Salem Spirit, Austin, TX","","","1983","1983","No","No","No","No","No"
"billboards","se-cres-no-ten-porque-ser-verdade.html","Se Cres No Ten Porque Ser Verdade","","","Not documented","Not documented","No","No","No","No","No"
"billboards","shes-smoking-for-two-jersey-city-1996.html","She's Smoking for Two, Jersey City","","","1996","1996","No","No","No","No","No"
"billboards","shop-while-they-drop.html","Shop While They Drop","","","Not documented","Not documented","No","No","No","No","No"
"billboards","sideshow-denton-tx-1981.html","Sideshow, Denton, TX","","","1981","1981","No","No","No","No","No"
"billboards","smoke-a-camel-ron-and-the-artfux-nyc-1990.html","Smoke a Camel, Ron & The Artfux, NYC","","","1990","1990","No","No","No","No","No"
"billboards","smooth-character-jersey-city-1992.html","Smooth Character, Jersey City","","","1992","1992","No","No","No","No","No"
"billboards","some-freds-are-gonna-roll-nyc-1990.html","Some Fred's Are Gonna Roll, NYC","","","1990","1990","No","No","No","No","No"
"billboards","squirrel-squirt-beer.html","Squirrel Squirt Beer","","","Not documented","Not documented","No","No","No","No","No"
"billboards","strippers.html","Strippers","","","Not documented","Not documented","No","No","No","No","No"
"billboards","stuckeys-austin-tx-1985.html","Stuckeys, Austin, TX","","","1985","1985","No","No","No","No","No"
"billboards","sugar-the-other-white-powder.html","Sugar, the Other White Powder","","","Not documented","Not documented","No","No","No","No","No"
"billboards","supermarket-1.html","Supermarket 1","","","Not documented","Not documented","No","No","No","No","No"
"billboards","supermarket-2.html","Supermarket 2","","","Not documented","Not documented","No","No","No","No","No"
"billboards","supersize-this-mother-fker.html","Supersize This Mother F@#ker!","","","Not documented","Not documented","No","No","No","No","No"
"billboards","supersize-your-thighs.html","Supersize Your Thighs","","","Not documented","Not documented","No","No","No","No","No"
"billboards","support-our-ceos.html","Support Our CEOs","","","Not documented","Not documented","No","No","No","No","No"
"billboards","surveillance-austin-tx-1985.html","Surveillance, Austin, TX","","","1985","1985","No","No","No","No","No"
"billboards","thank-god-for-global-warming.html","Thank God for Global Warming","","","Not documented","Not documented","No","No","No","No","No"
"billboards","the-cancer-kid-jersey-city-1996.html","The Cancer Kid, Jersey City","","","1996","1996","No","No","No","No","No"
"billboards","the-gefkens.html","The Gefkens","","","Not documented","Not documented","No","No","No","No","No"
"billboards","the-invading-aliens-from-the-beach-party-austin-tx-1985.html","The Invading Aliens from the Beach Party, Austin, TX","","","1985","1985","No","No","No","No","No"
"billboards","the-late-show.html","The Late Show","","","Not documented","Not documented","No","No","No","No","No"
"billboards","the-media-is-the-massage-version-2.html","The Media Is the Massage Version 2","","","Not documented","Not documented","No","No","No","No","No"
"billboards","the-poor-what-are-they-good-for.html","The Poor - What Are They Good For","","","Not documented","Not documented","No","No","No","No","No"
"billboards","the-rabbits-in-delusionville.html","The Rabbbits in Delusionville","","","Not documented","Not documented","No","No","No","No","No"
"billboards","think-different.html","Think Different","","","Not documented","Not documented","No","No","No","No","No"
"billboards","think-different-manson.html","Think Different - Manson","","","Not documented","Not documented","No","No","No","No","No"
"billboards","to-serve-man.html","To Serve Man","","","Not documented","Not documented","No","No","No","No","No"
"billboards","trump-golden-billionare.html","Trump - Golden Billionare","","","Not documented","Not documented","No","No","No","No","No"
"billboards","trumpty-dumpty.html","Trumpty Dumpty","","","Not documented","Not documented","No","No","No","No","No"
"billboards","two-thousand-years-in-the-tomb.html","Two Thousand Years in the Tomb","","","Not documented","Not documented","No","No","No","No","No"
"billboards","wars-fought-orgies-organized.html","Wars Fought, Orgies Organized","","","Not documented","Not documented","No","No","No","No","No"
"billboards","we-deceive-you-believe.html","We Deceive, You Believe","","","Not documented","Not documented","No","No","No","No","No"
"billboards","we-deceive-you-believe-denver-co.html","We Deceive, You Believe, Denver CO","","","Not documented","Not documented","No","No","No","No","No"
"billboards","weed-eagle.html","Weed Eagle","","","Not documented","Not documented","No","No","No","No","No"
"billboards","welcome-wall.html","Welcome Wall","","","Not documented","Not documented","No","No","No","No","No"
"billboards","wellington-court-mural-project.html","Wellington Court Mural Project","","","Not documented","Not documented","No","No","No","No","No"
"billboards","whats-in-your-body.html","What's in Your Body","","","Not documented","Not documented","No","No","No","No","No"
"billboards","where-a-clown-belongs-austin-tx-1983.html","Where a Clown Belongs, Austin TX","","","1983","1983","No","No","No","No","No"
"billboards","woodstok-wall.html","Woodstock Wall","","","Not documented","Not documented","No","No","No","No","No"
"billboards","you-are-not-a-clone-version-2.html","You Are Not a Clone, Version 2","","","Not documented","Not documented","No","No","No","No","No"
"billboards","you-are-not-here.html","You Are Not Here","","","Not documented","Not documented","No","No","No","No","No"
"billboards","you-are-what-you-own.html","You Are What You Own","","","Not documented","Not documented","No","No","No","No","No"
"billboards","your-apathy-is-our-strength.html","Your Apathy Is Our Strength","","","Not documented","Not documented","No","No","No","No","No"
