"File","Changed","MojibakeWarningAfter"
"1000-points-of-light-nyc-1991.html","Yes","No"
"abortion-hanger-1.html","Yes","No"
"absolut-wallpaper-rome-guernica.html","Yes","No"
"aids-condom.html","Yes","No"
"aids-jersey-city-1991.html","Yes","No"
"all-american.html","Yes","No"
"art-gathering-la-tattoo-convention-long-beach-june-2016.html","Yes","No"
"barney-vs-godzilla.html","Yes","No"
"batboy-bronx-ny-1987.html","Yes","No"
"beacon-windows.html","Yes","No"
"better-living-through-chemistry.html","Yes","No"
"billboard-liberation-just-do-it.html","Yes","No"
"bogus-vogue.html","Yes","No"
"breathe.html","Yes","No"
"bunnies.html","Yes","No"
"camel-junior-nyc-1991.html","Yes","No"
"camel-juniors-nyc-1991.html","Yes","No"
"camel-kids-jersey-city-1995.html","Yes","No"
"censorship-is-good-because-nyc-1990.html","Yes","No"
"cereal-killer.html","Yes","No"
"christmas-card-1989.html","Yes","No"
"circus.html","Yes","No"
"close-cover-before-cremating.html","Yes","No"
"combrats.html","Yes","No"
"cover-the-earth.html","Yes","No"
"de-la-barracuda-wall-la-2011.html","Yes","No"
"dinosaur.html","Yes","No"
"dont-do-it-in-a-vacuum.html","Yes","No"
"enhanced-milk.html","Yes","No"
"evolucion-non-e-para-todos.html","Yes","No"
"evolution-dont-get-left-behind.html","Yes","No"
"evolution-its-not-for-everyone.html","Yes","No"
"evolve.html","Yes","No"
"eyes-in-austin-tx-1984.html","Yes","No"
"family-album.html","Yes","No"
"family-values-austin-tx.html","Yes","No"
"fat-and-50.html","Yes","No"
"fish-eyes.html","Yes","No"
"forever-kool.html","Yes","No"
"get-met-or-pay.html","Yes","No"
"good-to-the-last-drop.html","Yes","No"
"got-coke.html","Yes","No"
"got-coke-and-sugar-the-other-white-powder.html","Yes","No"
"grade-school-guernica.html","Yes","No"
"greetings-from-the-occupation-1-london.html","Yes","No"
"greetings-from-the-occupation-version-2.html","Yes","No"
"greys-autonomy-austin-tx-1985.html","Yes","No"
"grinny-gaylord.html","Yes","No"
"halliburton.html","Yes","No"
"heart-los-angeles-ca-1996.html","Yes","No"
"home-of-the-homeless-nyc-1992.html","Yes","No"
"hook-any-new-kids-today.html","Yes","No"
"houston-bowery-wall.html","Yes","No"
"hulk.html","Yes","No"
"if-you-believe.html","Yes","No"
"inauguration-obama.html","Yes","No"
"in-your-minds-eye.html","Yes","No"
"i-of-second-chances-revelations.html","Yes","No"
"its-armageddon-in-america.html","Yes","No"
"its-a-whole-new-world-road-banner.html","Yes","No"
"i-wanna-be-erected.html","Yes","No"
"jesus-drove-an-suv.html","Yes","No"
"jesus-returns.html","Yes","No"
"jihad-is-over-amsterdam.html","Yes","No"
"jihad-is-over-version-1.html","Yes","No"
"jihad-is-over-version-2.html","Yes","No"
"just-do-it.html","Yes","No"
"keep-hope-a-lie.html","Yes","No"
"kid-kools.html","Yes","No"
"king-of-beers-version-1.html","Yes","No"
"king-of-beers-version-2.html","Yes","No"
"kiss-kids-on-coke.html","Yes","No"
"last-supper-at-mcdonalds-dallas-tx-1994-installing.html","Yes","No"
"les-pauvres.html","Yes","No"
"lets-get-drunk-and-kill-god-version-2.html","Yes","No"
"libertys-first-casualty.html","Yes","No"
"life-after-debt-jersey-city-1992.html","Yes","No"
"look-before-you-speak.html","Yes","No"
"love-dallas-tx-1981.html","Yes","No"
"lust-dallas-tx-1981.html","Yes","No"
"marlboro-boy.html","Yes","No"
"masturbation-is-murder.html","Yes","No"
"mc-soylent-gold-is-cattle.html","Yes","No"
"mc-super-sized.html","Yes","No"
"modern-mickeys.html","Yes","No"
"monica.html","Yes","No"
"more-jingoism-less-journalism.html","Yes","No"
"mother-of-all-milkshakes.html","Yes","No"
"new-aids-transmitted-through-eye-contact.html","Yes","No"
"new-world-order-nyc-1990.html","Yes","No"
"new-years-eve.html","Yes","No"
"no-brain-no-pain.html","Yes","No"
"nova-orden-mundial.html","Yes","No"
"nova-xeracion.html","Yes","No"
"obama.html","Yes","No"
"observe-listen-reveal.html","Yes","No"
"oj-simpson.html","Yes","No"
"one-god-one-party.html","Yes","No"
"over-50-billion-super-sized.html","Yes","No"
"phat-food.html","Yes","No"
"playdate-iran.html","Yes","No"
"politician.html","Yes","No"
"power-before-people.html","Yes","No"
"public-works-grin.html","Yes","No"
"put-a-tiger-on-the-brink.html","Yes","No"
"radiant-child-1984.html","Yes","No"
"randall-hart.html","Yes","No"
"raquels-topless-steak-house.html","Yes","No"
"rayban.html","Yes","No"
"read-between-the-lies.html","Yes","No"
"read-my-lips.html","Yes","No"
"recombinant-growth-hormone.html","Yes","No"
"resurrect-your-inner-rabbit.html","Yes","No"
"revelations-book-ii.html","Yes","No"
"ron-english-and-the-artfux-nyc-1990.html","Yes","No"
"ross-perot.html","Yes","No"
"rush-always-right.html","Yes","No"
"saddams-suvs.html","Yes","No"
"salem-spirit-austin-tx-1983.html","Yes","No"
"se-cres-no-ten-porque-ser-verdade.html","Yes","No"
"shes-smoking-for-two-jersey-city-1996.html","Yes","No"
"shop-while-they-drop.html","Yes","No"
"sideshow-denton-tx-1981.html","Yes","No"
"smoke-a-camel-ron-and-the-artfux-nyc-1990.html","Yes","No"
"smooth-character-jersey-city-1992.html","Yes","No"
"some-freds-are-gonna-roll-nyc-1990.html","Yes","No"
"squirrel-squirt-beer.html","Yes","No"
"strippers.html","Yes","No"
"stuckeys-austin-tx-1985.html","Yes","No"
"sugar-the-other-white-powder.html","Yes","No"
"supermarket-1.html","Yes","No"
"supermarket-2.html","Yes","No"
"supersize-this-mother-fker.html","Yes","No"
"supersize-your-thighs.html","Yes","No"
"support-our-ceos.html","Yes","No"
"surveillance-austin-tx-1985.html","Yes","No"
"thank-god-for-global-warming.html","Yes","No"
"the-cancer-kid-jersey-city-1996.html","Yes","No"
"the-gefkens.html","Yes","No"
"the-invading-aliens-from-the-beach-party-austin-tx-1985.html","Yes","No"
"the-late-show.html","Yes","No"
"the-media-is-the-massage-version-2.html","Yes","No"
"the-poor-what-are-they-good-for.html","Yes","No"
"the-rabbits-in-delusionville.html","Yes","No"
"think-different.html","Yes","No"
"think-different-manson.html","Yes","No"
"to-serve-man.html","Yes","No"
"trump-golden-billionare.html","Yes","No"
"trumpty-dumpty.html","Yes","No"
"two-thousand-years-in-the-tomb.html","Yes","No"
"wars-fought-orgies-organized.html","Yes","No"
"we-deceive-you-believe.html","Yes","No"
"we-deceive-you-believe-denver-co.html","Yes","No"
"weed-eagle.html","Yes","No"
"welcome-wall.html","Yes","No"
"wellington-court-mural-project.html","Yes","No"
"whats-in-your-body.html","Yes","No"
"where-a-clown-belongs-austin-tx-1983.html","Yes","No"
"woodstok-wall.html","Yes","No"
"you-are-not-a-clone-version-2.html","Yes","No"
"you-are-not-here.html","Yes","No"
"you-are-what-you-own.html","Yes","No"
"your-apathy-is-our-strength.html","Yes","No"
