"Section","File","Changed","TermsLinkStillPresent","MojibakeWarning"
"billboards","1000-points-of-light-nyc-1991.html","Yes","No","No"
"billboards","abortion-hanger-1.html","Yes","No","No"
"billboards","absolut-wallpaper-rome-guernica.html","Yes","No","No"
"billboards","aids-condom.html","Yes","No","No"
"billboards","aids-jersey-city-1991.html","Yes","No","No"
"billboards","all-american.html","Yes","No","No"
"billboards","art-gathering-la-tattoo-convention-long-beach-june-2016.html","Yes","No","No"
"billboards","barney-vs-godzilla.html","Yes","No","No"
"billboards","batboy-bronx-ny-1987.html","Yes","No","No"
"billboards","beacon-windows.html","Yes","No","No"
"billboards","better-living-through-chemistry.html","Yes","No","No"
"billboards","billboard-liberation-just-do-it.html","Yes","No","No"
"billboards","bogus-vogue.html","Yes","No","No"
"billboards","breathe.html","Yes","No","No"
"billboards","bunnies.html","Yes","No","No"
"billboards","camel-junior-nyc-1991.html","Yes","No","No"
"billboards","camel-juniors-nyc-1991.html","Yes","No","No"
"billboards","camel-kids-jersey-city-1995.html","Yes","No","No"
"billboards","censorship-is-good-because-nyc-1990.html","Yes","No","No"
"billboards","cereal-killer.html","Yes","No","No"
"billboards","christmas-card-1989.html","Yes","No","No"
"billboards","circus.html","Yes","No","No"
"billboards","close-cover-before-cremating.html","Yes","No","No"
"billboards","combrats.html","Yes","No","No"
"billboards","cover-the-earth.html","Yes","No","No"
"billboards","de-la-barracuda-wall-la-2011.html","Yes","No","No"
"billboards","dinosaur.html","Yes","No","No"
"billboards","dont-do-it-in-a-vacuum.html","Yes","No","No"
"billboards","enhanced-milk.html","Yes","No","No"
"billboards","evolucion-non-e-para-todos.html","Yes","No","No"
"billboards","evolution-dont-get-left-behind.html","Yes","No","No"
"billboards","evolution-its-not-for-everyone.html","Yes","No","No"
"billboards","evolve.html","Yes","No","No"
"billboards","eyes-in-austin-tx-1984.html","Yes","No","No"
"billboards","family-album.html","Yes","No","No"
"billboards","family-values-austin-tx.html","Yes","No","No"
"billboards","fat-and-50.html","Yes","No","No"
"billboards","fish-eyes.html","Yes","No","No"
"billboards","forever-kool.html","Yes","No","No"
"billboards","get-met-or-pay.html","Yes","No","No"
"billboards","good-to-the-last-drop.html","Yes","No","No"
"billboards","got-coke.html","No","No","Yes"
"billboards","got-coke-and-sugar-the-other-white-powder.html","Yes","No","No"
"billboards","grade-school-guernica.html","Yes","No","No"
"billboards","greetings-from-the-occupation-1-london.html","Yes","No","No"
"billboards","greetings-from-the-occupation-version-2.html","Yes","No","No"
"billboards","greys-autonomy-austin-tx-1985.html","Yes","No","No"
"billboards","grinny-gaylord.html","Yes","No","No"
"billboards","halliburton.html","Yes","No","No"
"billboards","heart-los-angeles-ca-1996.html","Yes","No","No"
"billboards","home-of-the-homeless-nyc-1992.html","Yes","No","No"
"billboards","hook-any-new-kids-today.html","Yes","No","No"
"billboards","houston-bowery-wall.html","Yes","No","No"
"billboards","hulk.html","Yes","No","No"
"billboards","if-you-believe.html","Yes","No","No"
"billboards","inauguration-obama.html","Yes","No","No"
"billboards","in-your-minds-eye.html","Yes","No","No"
"billboards","i-of-second-chances-revelations.html","Yes","No","No"
"billboards","its-armageddon-in-america.html","Yes","No","No"
"billboards","its-a-whole-new-world-road-banner.html","Yes","No","No"
"billboards","i-wanna-be-erected.html","Yes","No","No"
"billboards","jesus-drove-an-suv.html","Yes","No","No"
"billboards","jesus-returns.html","Yes","No","No"
"billboards","jihad-is-over-amsterdam.html","Yes","No","No"
"billboards","jihad-is-over-version-1.html","Yes","No","No"
"billboards","jihad-is-over-version-2.html","Yes","No","No"
"billboards","just-do-it.html","Yes","No","No"
"billboards","keep-hope-a-lie.html","Yes","No","No"
"billboards","kid-kools.html","Yes","No","No"
"billboards","king-of-beers-version-1.html","Yes","No","No"
"billboards","king-of-beers-version-2.html","Yes","No","No"
"billboards","kiss-kids-on-coke.html","Yes","No","No"
"billboards","last-supper-at-mcdonalds-dallas-tx-1994-installing.html","Yes","No","No"
"billboards","les-pauvres.html","Yes","No","No"
"billboards","lets-get-drunk-and-kill-god-version-2.html","Yes","No","No"
"billboards","libertys-first-casualty.html","Yes","No","No"
"billboards","life-after-debt-jersey-city-1992.html","Yes","No","No"
"billboards","look-before-you-speak.html","Yes","No","No"
"billboards","love-dallas-tx-1981.html","Yes","No","No"
"billboards","lust-dallas-tx-1981.html","Yes","No","No"
"billboards","marlboro-boy.html","Yes","No","No"
"billboards","masturbation-is-murder.html","Yes","No","No"
"billboards","mc-soylent-gold-is-cattle.html","Yes","No","No"
"billboards","mc-super-sized.html","Yes","No","No"
"billboards","modern-mickeys.html","Yes","No","No"
"billboards","monica.html","Yes","No","No"
"billboards","more-jingoism-less-journalism.html","Yes","No","No"
"billboards","mother-of-all-milkshakes.html","Yes","No","No"
"billboards","new-aids-transmitted-through-eye-contact.html","Yes","No","No"
"billboards","new-world-order-nyc-1990.html","Yes","No","No"
"billboards","new-years-eve.html","Yes","No","No"
"billboards","no-brain-no-pain.html","Yes","No","No"
"billboards","nova-orden-mundial.html","Yes","No","No"
"billboards","nova-xeracion.html","Yes","No","No"
"billboards","obama.html","Yes","No","No"
"billboards","observe-listen-reveal.html","Yes","No","No"
"billboards","oj-simpson.html","Yes","No","No"
"billboards","one-god-one-party.html","Yes","No","No"
"billboards","over-50-billion-super-sized.html","Yes","No","No"
"billboards","phat-food.html","Yes","No","No"
"billboards","playdate-iran.html","Yes","No","No"
"billboards","politician.html","Yes","No","No"
"billboards","power-before-people.html","Yes","No","No"
"billboards","public-works-grin.html","Yes","No","No"
"billboards","put-a-tiger-on-the-brink.html","Yes","No","No"
"billboards","radiant-child-1984.html","Yes","No","No"
"billboards","randall-hart.html","Yes","No","No"
"billboards","raquels-topless-steak-house.html","Yes","No","No"
"billboards","rayban.html","Yes","No","No"
"billboards","read-between-the-lies.html","Yes","No","No"
"billboards","read-my-lips.html","Yes","No","No"
"billboards","recombinant-growth-hormone.html","Yes","No","No"
"billboards","resurrect-your-inner-rabbit.html","Yes","No","No"
"billboards","revelations-book-ii.html","Yes","No","No"
"billboards","ron-english-and-the-artfux-nyc-1990.html","Yes","No","No"
"billboards","ross-perot.html","Yes","No","No"
"billboards","rush-always-right.html","Yes","No","No"
"billboards","saddams-suvs.html","Yes","No","No"
"billboards","salem-spirit-austin-tx-1983.html","Yes","No","No"
"billboards","se-cres-no-ten-porque-ser-verdade.html","Yes","No","No"
"billboards","shes-smoking-for-two-jersey-city-1996.html","Yes","No","No"
"billboards","shop-while-they-drop.html","Yes","No","No"
"billboards","sideshow-denton-tx-1981.html","Yes","No","No"
"billboards","smoke-a-camel-ron-and-the-artfux-nyc-1990.html","Yes","No","No"
"billboards","smooth-character-jersey-city-1992.html","Yes","No","No"
"billboards","some-freds-are-gonna-roll-nyc-1990.html","Yes","No","No"
"billboards","squirrel-squirt-beer.html","Yes","No","No"
"billboards","strippers.html","Yes","No","No"
"billboards","stuckeys-austin-tx-1985.html","Yes","No","No"
"billboards","sugar-the-other-white-powder.html","Yes","No","No"
"billboards","supermarket-1.html","Yes","No","No"
"billboards","supermarket-2.html","Yes","No","No"
"billboards","supersize-this-mother-fker.html","Yes","No","No"
"billboards","supersize-your-thighs.html","Yes","No","No"
"billboards","support-our-ceos.html","Yes","No","No"
"billboards","surveillance-austin-tx-1985.html","Yes","No","No"
"billboards","thank-god-for-global-warming.html","Yes","No","No"
"billboards","the-cancer-kid-jersey-city-1996.html","Yes","No","No"
"billboards","the-gefkens.html","Yes","No","No"
"billboards","the-invading-aliens-from-the-beach-party-austin-tx-1985.html","Yes","No","No"
"billboards","the-late-show.html","Yes","No","No"
"billboards","the-media-is-the-massage-version-2.html","Yes","No","No"
"billboards","the-poor-what-are-they-good-for.html","Yes","No","No"
"billboards","the-rabbits-in-delusionville.html","Yes","No","No"
"billboards","think-different.html","Yes","No","No"
"billboards","think-different-manson.html","Yes","No","No"
"billboards","to-serve-man.html","Yes","No","No"
"billboards","trump-golden-billionare.html","Yes","No","No"
"billboards","trumpty-dumpty.html","Yes","No","No"
"billboards","two-thousand-years-in-the-tomb.html","Yes","No","No"
"billboards","wars-fought-orgies-organized.html","Yes","No","No"
"billboards","we-deceive-you-believe.html","Yes","No","No"
"billboards","we-deceive-you-believe-denver-co.html","Yes","No","No"
"billboards","weed-eagle.html","Yes","No","No"
"billboards","welcome-wall.html","Yes","No","No"
"billboards","wellington-court-mural-project.html","Yes","No","No"
"billboards","whats-in-your-body.html","Yes","No","No"
"billboards","where-a-clown-belongs-austin-tx-1983.html","Yes","No","No"
"billboards","woodstok-wall.html","Yes","No","No"
"billboards","you-are-not-a-clone-version-2.html","Yes","No","No"
"billboards","you-are-not-here.html","Yes","No","No"
"billboards","you-are-what-you-own.html","Yes","No","No"
"billboards","your-apathy-is-our-strength.html","Yes","No","No"
