"WorkID","BillboardName","MediumFormat","File","Changed"
"RE-011795","1000 Points of Light, NYC, 1991","billboard","1000-points-of-light-nyc-1991.html","Yes"
"RE-011796","Abortion Hanger","billboard","abortion-hanger-1.html","Yes"
"RE-011797","Absolut Wallpaper Rome - Guernica","billboard","absolut-wallpaper-rome-guernica.html","Yes"
"RE-011798","AIDS Condom","billboard","aids-condom.html","Yes"
"RE-011799","AIDS, Jersey City, 1991","billboard","aids-jersey-city-1991.html","Yes"
"RE-011800","All-American","billboard","all-american.html","Yes"
"RE-011801","Art Gathering LA, Tattoo Convention Long Beach, June 2016","banner","art-gathering-la-tattoo-convention-long-beach-june-2016.html","Yes"
"RE-011802","Barney vs Godzilla","billboard","barney-vs-godzilla.html","Yes"
"RE-011803","Batboy, Bronx, NY 1987","billboard","batboy-bronx-ny-1987.html","Yes"
"RE-011804","Beacon Windows","banner","beacon-windows.html","Yes"
"RE-011805","Better Living Through Chemistry","billboard","better-living-through-chemistry.html","Yes"
"RE-011806","Billboard Liberation - Just Do It","billboard","billboard-liberation-just-do-it.html","Yes"
"RE-011807","Bogus Vogue","billboard","bogus-vogue.html","Yes"
"RE-011808","Breathe","billboard","breathe.html","Yes"
"RE-011809","Bunnies","billboard","bunnies.html","Yes"
"RE-011810","Camel Junior, NYC, 1991","billboard","camel-junior-nyc-1991.html","Yes"
"RE-011811","Camel Juniors, NYC, 1991","billboard","camel-juniors-nyc-1991.html","Yes"
"RE-011812","Camel Kids, Jersey City, 1995","billboard","camel-kids-jersey-city-1995.html","Yes"
"RE-011813","Censorship Is Good Because..., NYC, 1990","billboard","censorship-is-good-because-nyc-1990.html","Yes"
"RE-011814","Cereal Killer","exact format pending verification","cereal-killer.html","Yes"
"RE-011815","Christmas Card 1989","billboard","christmas-card-1989.html","Yes"
"RE-011816","Circus","billboard","circus.html","Yes"
"RE-011817","Close Cover Before Cremating","billboard","close-cover-before-cremating.html","Yes"
"RE-011818","Combrats","exact format pending verification","combrats.html","Yes"
"RE-011819","Cover the Earth","poster","cover-the-earth.html","Yes"
"RE-011820","De La Barracuda Wall, LA, 2011","poster","de-la-barracuda-wall-la-2011.html","Yes"
"RE-011821","Dinosaur","billboard","dinosaur.html","Yes"
"RE-011822","Don't Do It in a Vacuum","billboard","dont-do-it-in-a-vacuum.html","Yes"
"RE-011823","Enhanced Milk","billboard","enhanced-milk.html","Yes"
"RE-011824","Evolution - Non E Para Todos","billboard","evolucion-non-e-para-todos.html","Yes"
"RE-011825","Evolution - Don't Get Left Behind","billboard","evolution-dont-get-left-behind.html","Yes"
"RE-011826","Evolution - It's Not for Everyone","billboard","evolution-its-not-for-everyone.html","Yes"
"RE-011827","Evolve","billboard","evolve.html","Yes"
"RE-011828","Eyes in Austin, TX, 1984","billboard","eyes-in-austin-tx-1984.html","Yes"
"RE-011829","Family Album","billboard","family-album.html","Yes"
"RE-011830","Family Values, Austin TX","billboard","family-values-austin-tx.html","Yes"
"RE-011831","Fat & 50","billboard","fat-and-50.html","Yes"
"RE-011832","Fish Eyes","billboard","fish-eyes.html","Yes"
"RE-011833","Forever Kool, Jersey City, 1995","billboard","forever-kool.html","Yes"
"RE-011834","Get Met or Pay","billboard","get-met-or-pay.html","Yes"
"RE-011835","Good to the Last Drop","billboard","good-to-the-last-drop.html","Yes"
"RE-011836","Got Coke","billboard","got-coke-and-sugar-the-other-white-powder.html","Yes"
"RE-011837","Grade School Guernica","billboard","grade-school-guernica.html","Yes"
"RE-011838","Greetings from the Occupation 1, London","billboard","greetings-from-the-occupation-1-london.html","Yes"
"RE-011839","Greetings from the Occupation Version 2","billboard","greetings-from-the-occupation-version-2.html","Yes"
"RE-011840","Grey's Autonomy, Austin, TX 1985","billboard","greys-autonomy-austin-tx-1985.html","Yes"
"RE-011841","Grinny Gaylord","billboard","grinny-gaylord.html","Yes"
"RE-011842","Halliburton","billboard","halliburton.html","Yes"
"RE-011843","Heart Los Angeles, CA 1996","billboard","heart-los-angeles-ca-1996.html","Yes"
"RE-011844","Home of the Homeless, NYC, 1992","billboard","home-of-the-homeless-nyc-1992.html","Yes"
"RE-011845","Hook Any New Kids Today","billboard","hook-any-new-kids-today.html","Yes"
"RE-011846","Houston Bowery Wall","exact format pending verification","houston-bowery-wall.html","Yes"
"RE-011847","Hulk","poster","hulk.html","Yes"
"RE-011848","I of Second Chances - Revelations","billboard","i-of-second-chances-revelations.html","Yes"
"RE-011849","I Wanna Be Erected","billboard","i-wanna-be-erected.html","Yes"
"RE-011850","If You Believe","poster","if-you-believe.html","Yes"
"RE-011851","In Your Mind's Eye","billboard","in-your-minds-eye.html","Yes"
"RE-011852","Inauguration Obama","billboard","inauguration-obama.html","Yes"
"RE-011853","It's a Whole New World - Road Banner","billboard","its-a-whole-new-world-road-banner.html","Yes"
"RE-011854","It's Armageddon in America","billboard","its-armageddon-in-america.html","Yes"
"RE-011855","Jesus Drove an SUV","billboard","jesus-drove-an-suv.html","Yes"
"RE-011856","Jesus Returns","billboard","jesus-returns.html","Yes"
"RE-011857","Jihad Is Over, Amsterdam","poster","jihad-is-over-amsterdam.html","Yes"
"RE-011858","Jihad Is Over Version 1","billboard","jihad-is-over-version-1.html","Yes"
"RE-011859","Jihad Is Over Version 2","billboard","jihad-is-over-version-2.html","Yes"
"RE-011860","Just Do It","billboard","just-do-it.html","Yes"
"RE-011861","Keep Hope a Lie","billboard","keep-hope-a-lie.html","Yes"
"RE-011862","Kid Kools","billboard","kid-kools.html","Yes"
"RE-011863","The King of Beers Version 1","billboard","king-of-beers-version-1.html","Yes"
"RE-011864","The King of Beers Version 2","billboard","king-of-beers-version-2.html","Yes"
"RE-011865","Kiss Kids on Coke","billboard","kiss-kids-on-coke.html","Yes"
"RE-011866","Last Supper at McDonalds, Dallas, TX 1994","billboard","last-supper-at-mcdonalds-dallas-tx-1994-installing.html","Yes"
"RE-011867","Les Pauvres","billboard","les-pauvres.html","Yes"
"RE-011868","Let's Get Drunk and Kill God, Version 2","billboard","lets-get-drunk-and-kill-god-version-2.html","Yes"
"RE-011869","Liberty's First Casualty","billboard","libertys-first-casualty.html","Yes"
"RE-011870","Life after Debt, Jersey City, 1992","billboard","life-after-debt-jersey-city-1992.html","Yes"
"RE-011871","Look Before You Speak","Billboard-scale painting on paper","look-before-you-speak.html","Yes"
"RE-011872","Love, Dallas, TX 1981","billboard","love-dallas-tx-1981.html","Yes"
"RE-011873","Lust, Dallas, TX 1981","billboard","lust-dallas-tx-1981.html","Yes"
"RE-011874","Marlboro Boy","billboard","marlboro-boy.html","Yes"
"RE-011875","Masturbation Is Murder","billboard","masturbation-is-murder.html","Yes"
"RE-011876","McSoylent Gold Is Cattle","billboard","mc-soylent-gold-is-cattle.html","Yes"
"RE-011877","MC Super Sized","billboard","mc-super-sized.html","Yes"
"RE-011878","Modern Mickeys","billboard","modern-mickeys.html","Yes"
"RE-011879","Monica and Marilyn","billboard","monica.html","Yes"
"RE-011880","More Jingoism Less Journalism","billboard","more-jingoism-less-journalism.html","Yes"
"RE-011881","The Mother of All Milkshakes","billboard","mother-of-all-milkshakes.html","Yes"
"RE-011882","New AIDS Transmitted Through Eye Contact","poster","new-aids-transmitted-through-eye-contact.html","Yes"
"RE-011883","The New World Order, NYC, 1990","billboard","new-world-order-nyc-1990.html","Yes"
"RE-011884","New Years Eve","billboard","new-years-eve.html","Yes"
"RE-011885","No Brain No Pain","exact format pending verification","no-brain-no-pain.html","Yes"
"RE-011886","Nova Orden Mundial","billboard","nova-orden-mundial.html","Yes"
"RE-011887","Nova Xeracion","billboard","nova-xeracion.html","Yes"
"RE-011888","Observe, Listen, Reveal","billboard","observe-listen-reveal.html","Yes"
"RE-011889","Obama","poster","obama.html","Yes"
"RE-011890","OJ Simpson","billboard","oj-simpson.html","Yes"
"RE-011891","One God, One Party","billboard","one-god-one-party.html","Yes"
"RE-011892","Over 50 Billion Super-Sized","exact format pending verification","over-50-billion-super-sized.html","Yes"
"RE-011893","Phat Food","billboard","phat-food.html","Yes"
"RE-011894","Playdate Iran","billboard","playdate-iran.html","Yes"
"RE-011895","Politician","banner","politician.html","Yes"
"RE-011896","Power Before People","billboard","power-before-people.html","Yes"
"RE-011897","Public Works Grin","banner","public-works-grin.html","Yes"
"RE-011898","Put a Tiger on the Brink","billboard","put-a-tiger-on-the-brink.html","Yes"
"RE-011899","Radiant Child, 1984","billboard","radiant-child-1984.html","Yes"
"RE-011900","Randall Hart","billboard","randall-hart.html","Yes"
"RE-011901","Raquel's Topless Steak House","banner","raquels-topless-steak-house.html","Yes"
"RE-011902","Rayban","banner","rayban.html","Yes"
"RE-011903","Read Between the Lies","billboard","read-between-the-lies.html","Yes"
"RE-011904","Read My Lips","billboard","read-my-lips.html","Yes"
"RE-011905","Recombinant Growth Hormone","poster","recombinant-growth-hormone.html","Yes"
"RE-011906","Revelations Book II","poster","revelations-book-ii.html","Yes"
"RE-011907","Resurrect Your Inner Rabbit","poster","resurrect-your-inner-rabbit.html","Yes"
"RE-011908","Ron English and the Artfux, NYC 1990","billboard","ron-english-and-the-artfux-nyc-1990.html","Yes"
"RE-011909","Ross Perot","billboard","ross-perot.html","Yes"
"RE-011910","Rush - Always Right","billboard","rush-always-right.html","Yes"
"RE-011911","Saddam's SUVs","billboard","saddams-suvs.html","Yes"
"RE-011912","Salem Spirit, Austin, TX 1983","billboard","salem-spirit-austin-tx-1983.html","Yes"
"RE-011913","Se Cres No Ten Porque Ser Verdade","billboard","se-cres-no-ten-porque-ser-verdade.html","Yes"
"RE-011914","She's Smoking for Two, Jersey City, 1996","billboard","shes-smoking-for-two-jersey-city-1996.html","Yes"
"RE-011915","Shop While They Drop","billboard","shop-while-they-drop.html","Yes"
"RE-011916","Sideshow, Denton, TX 1981","billboard","sideshow-denton-tx-1981.html","Yes"
"RE-011917","Smoke a Camel, Ron & The Artfux, NYC, 1990","billboard","smoke-a-camel-ron-and-the-artfux-nyc-1990.html","Yes"
"RE-011918","Smooth Character, Jersey City, 1992","billboard","smooth-character-jersey-city-1992.html","Yes"
"RE-011919","Some Fred's Are Gonna Roll, NYC, 1990","billboard","some-freds-are-gonna-roll-nyc-1990.html","Yes"
"RE-011920","Squirrel Squirt Beer","billboard","squirrel-squirt-beer.html","Yes"
"RE-011921","Strippers","billboard","strippers.html","Yes"
"RE-011922","Stuckeys, Austin, TX 1985","billboard","stuckeys-austin-tx-1985.html","Yes"
"RE-011923","Sugar, the Other White Powder","billboard","sugar-the-other-white-powder.html","Yes"
"RE-011924","Supermarket 1","billboard","supermarket-1.html","Yes"
"RE-011925","Supermarket 2","billboard","supermarket-2.html","Yes"
"RE-011926","Support Our CEOs","billboard","support-our-ceos.html","Yes"
"RE-011927","Supersize This Mother F@#ker!","poster","supersize-this-mother-fker.html","Yes"
"RE-011928","Supersize Your Thighs","billboard","supersize-your-thighs.html","Yes"
"RE-011929","Surveillance, Austin, TX 1985","billboard","surveillance-austin-tx-1985.html","Yes"
"RE-011930","Thank God for Global Warming","billboard","thank-god-for-global-warming.html","Yes"
"RE-011931","The Cancer Kid, Jersey City, 1996","billboard","the-cancer-kid-jersey-city-1996.html","Yes"
"RE-011932","The Gefkens","billboard","the-gefkens.html","Yes"
"RE-011933","The Invading Aliens from the Beach Party, Austin, TX 1985","billboard","the-invading-aliens-from-the-beach-party-austin-tx-1985.html","Yes"
"RE-011934","The Late Show","billboard","the-late-show.html","Yes"
"RE-011935","The Media Is the Massage Version 2","billboard","the-media-is-the-massage-version-2.html","Yes"
"RE-011936","The Poor - What Are They Good For","billboard","the-poor-what-are-they-good-for.html","Yes"
"RE-011937","The Rabbbits in Delusionville","banner","the-rabbits-in-delusionville.html","Yes"
"RE-011938","Think Different","billboard","think-different.html","Yes"
"RE-011939","Think Different - Manson","billboard","think-different-manson.html","Yes"
"RE-011940","To Serve Man","billboard","to-serve-man.html","Yes"
"RE-011941","Trump - Golden Billionare","Mobile billboard","trump-golden-billionare.html","Yes"
"RE-011942","Trumpty Dumpty","banner","trumpty-dumpty.html","Yes"
"RE-011943","Two Thousand Years in the Tomb","billboard","two-thousand-years-in-the-tomb.html","Yes"
"RE-011944","Wars Fought, Orgies Organized","Billboard-scale painting on paper","wars-fought-orgies-organized.html","Yes"
"RE-011945","We Deceive, You Believe","billboard","we-deceive-you-believe.html","Yes"
"RE-011946","We Deceive, You Believe, Denver CO","billboard","we-deceive-you-believe-denver-co.html","Yes"
"RE-011947","Welcome Wall","poster","welcome-wall.html","Yes"
"RE-011948","Weed Eagle","exact format pending verification","weed-eagle.html","Yes"
"RE-011949","Wellington Court Mural Project","poster","wellington-court-mural-project.html","Yes"
"RE-011950","Where a Clown Belongs, Austin TX 1983","billboard","where-a-clown-belongs-austin-tx-1983.html","Yes"
"RE-011951","What's in Your Body","poster","whats-in-your-body.html","Yes"
"RE-011952","Woodstock Wall","banner","woodstok-wall.html","Yes"
"RE-011953","You Are Not a Clone, Version 2","billboard","you-are-not-a-clone-version-2.html","Yes"
"RE-011954","You Are Not Here","banner","you-are-not-here.html","Yes"
"RE-011955","You Are What You Own","billboard","you-are-what-you-own.html","Yes"
"RE-011956","Your Apathy Is Our Strength","billboard","your-apathy-is-our-strength.html","Yes"
